name,nov22,dec22,jan23,feb23,mar23,apr23,may23,jun23,jul23,aug23,sep23,oct23
06_Plate2D_45_turb,0,0,0,1,0,0,0,0,0,0,0,0
08_NACA0012_a8_M03,0,0,0,1,0,0,0,0,0,0,0,0
0_diam_0_particles,0,0,0,1,0,0,1,0,0,0,1,0
0_diam_0_particles2,0,0,0,1,0,0,1,0,0,0,1,0
0_surface_supergroup,0,0,0,1,0,0,0,0,0,0,1,0
10074_t3_30901,0,0,0,0,0,0,0,0,0,0,0,0
10_1_Piston_V1,0,0,0,0,0,0,0,0,0,0,0,0
11_1_Nozzle_Subsonic,0,0,0,0,0,0,0,0,0,0,0,0
11_2_Nozzle_Supersonic,0,1,0,0,0,0,0,0,0,0,0,0
11_3_Nozzle_Transsonic,0,1,0,0,0,0,0,0,0,0,0,0
11_test1,0,0,0,1,0,0,0,0,0,0,1,0
12_1_IncidentShock,0,1,0,0,0,0,0,0,0,0,0,0
13_1_Shpere_M11,0,1,0,0,0,0,0,0,0,0,0,0
14_1_FreeJet,0,0,0,0,0,0,0,0,0,0,0,0
15_1_Bak,0,0,0,0,0,0,0,0,0,0,0,0
160801_makim_sliding_wall_function_test1,0,0,0,1,0,0,0,0,0,0,0,1
16_1_Weir,0,0,0,0,0,0,0,0,0,0,0,0
17_1_Pendulum,0,0,0,0,0,0,0,0,0,0,0,0
18_1_FallingBall_1,0,1,0,0,0,0,0,0,0,0,0,0
19_1_Ahmed_Body,0,1,0,0,0,0,0,0,0,0,0,0
1Box_1Model_R,0,0,0,1,0,0,0,0,0,0,0,0
1Box_1Model_R_Gap,0,0,0,1,0,0,0,0,0,0,0,0
1D_Radiation_Turbid,0,0,0,1,0,0,0,0,0,0,0,0
1Sphere_1Model_R,0,0,0,1,0,0,0,0,0,0,0,0
1Sphere_1Model_R_Gap,0,0,0,1,0,0,0,0,0,0,0,0
1_1_Plate_Lam_2por_31202,0,0,0,0,0,0,0,0,0,0,0,0
1_2_Plate_lam_conj_1_31202,0,0,0,0,0,0,0,0,0,0,0,0
23052016_detailed_Cp,0,0,0,1,0,0,0,0,0,0,0,0
2Boxes_2Models_RC,0,0,0,0,0,0,0,0,0,0,1,0
2Dhydro,0,0,0,0,0,0,0,0,0,0,0,0
2Dnozzle_water02_err,0,0,0,0,0,0,0,0,0,0,1,0
2d_bottom-nozle,0,0,0,1,0,0,0,0,0,0,1,0
2d_bottom-nozle_air-air-VoF,0,0,0,1,0,0,0,0,0,0,1,0
2D_OBL_continue,0,0,0,0,0,0,0,0,0,0,0,0
2D_RSD49_0_4880iter,0,0,0,0,0,0,0,0,0,0,0,0
2d_sliding_mesh_SM,0,0,0,1,0,0,0,0,0,0,0,0
2d_with_adapt_by_condition,0,0,0,1,0,0,0,0,0,0,1,0
2Spheres_2Models_RC,0,0,0,1,0,0,0,0,0,0,1,0
2Spheres_OBL_on_1BC,0,0,0,0,0,0,0,0,0,0,0,0
2Spheres_OBL_on_2BC,0,0,0,0,0,0,0,0,0,0,0,0
2Sphere_OBL_on_2BC_max_level_limitation,0,0,0,0,0,0,0,0,0,0,0,0
2Sub_1Phas_1Mod_4Sub,0,0,0,1,0,0,0,1,0,0,0,0
2Sub_1Phas_2Mod_4Sub,0,0,0,1,1,0,0,1,0,0,0,0
2Sub_1Phas_4Mod_4Sub,0,0,0,1,0,0,0,1,0,0,0,0
2Sub_2Phas_2Mod_4Sub,0,0,0,1,0,1,0,1,0,0,0,0
2Sub_4Phas_4Mod_4Sub,0,0,0,1,0,0,0,1,0,0,0,0
2tubes,0,0,0,1,0,0,0,0,0,0,0,0
2_1_Bearing_channel_31202,0,0,0,0,0,0,0,0,0,0,0,0
2_2_Bearing_channel_gap_31202,0,0,0,0,0,0,0,0,0,0,0,0
30mln_err1,0,0,0,1,0,0,0,0,0,0,0,0
3Boxes_1Model,0,0,0,1,0,0,0,0,0,0,1,0
3Boxes_1Model_gap,0,0,0,1,0,0,0,0,0,0,1,0
3Boxes_1Model_GapEff,0,0,0,1,0,0,0,0,0,0,1,0
3Boxes_3Model,0,0,0,0,0,0,0,0,0,0,0,0
3Boxes_3Models_CRC,0,0,0,1,0,0,0,0,0,0,0,0
3Boxes_3Models_CRC_Gap,0,0,0,1,0,0,0,0,0,0,0,0
3Boxes_3Models_GapEff,0,0,0,1,0,0,0,0,0,0,0,0
3Boxes_3Models_GapEff_f(X),0,0,0,1,0,0,0,0,0,0,0,0
3Boxes_3Models_GapEff_Table,0,0,0,1,0,0,0,0,0,0,0,0
3Boxes_3Models_GapEff_turb_KES,0,1,0,1,0,0,0,0,0,0,0,0
3Boxes_3Models_RRR,0,0,0,1,0,0,0,0,0,0,0,0
3Boxes_3Models_RRR_Gap,0,0,0,1,0,0,0,0,0,0,0,0
3Boxes_3Model_Gap,0,0,0,0,0,0,0,0,0,0,0,0
3Box_2m_FSF,0,0,0,1,0,0,0,0,0,0,0,0
3Box_2m_FSF_skew,0,0,0,1,0,0,0,0,0,0,0,0
3Box_2m_SFS,0,0,0,1,0,0,0,0,0,0,0,0
3DTableForInitialPres_CheckInterpol,0,0,0,1,0,0,1,0,2,0,1,0
3DTable_InletSpeed,0,0,0,1,0,0,0,0,0,0,0,0
3_1_Couette_heat,0,0,0,0,0,0,0,0,0,0,0,0
3_2_Couette_heat_gap,0,1,0,0,0,0,0,0,0,0,0,0
4444,0,0,0,1,0,0,0,0,0,0,1,0
4Spheres,0,0,0,1,0,0,0,0,0,0,0,0
4Spheres_1Model,0,0,0,1,0,0,0,0,0,0,1,0
4Spheres_3Models_CRC,0,0,0,1,0,0,0,0,0,0,0,0
4Spheres_3Models_CRC_Gap,0,0,0,1,0,0,0,0,0,0,0,0
4Sub_4Phas_2Mod_4Sub,0,1,0,2,0,0,0,1,0,0,0,0
4_1_Ring_31202,0,0,0,0,0,0,0,0,0,0,0,0
5000Iter,0,0,0,1,0,0,0,0,0,0,0,0
5_1_LamTube_HeatFlux,0,0,0,0,0,0,0,0,0,0,0,0
6V-supp,0,0,0,0,0,0,0,0,0,0,1,0
6_1_Plate_Turb_ke_y42,0,0,0,0,0,0,0,0,0,0,0,0
7_1_BackStep_KE,0,1,0,0,0,0,0,0,0,0,0,0
7_2_BackStep_KEQ,0,0,0,0,0,0,0,0,0,0,0,0
7_3_BackStep_LowKE,0,0,0,0,0,0,0,0,0,0,0,0
7_4_BackStep_SST,0,1,0,0,0,0,0,0,0,0,0,0
8Sub_4Phas_4Mod_4Sub,0,0,0,1,0,0,0,1,0,0,0,0
8_1_Plate_NaturConvect_31202,0,0,0,0,0,0,0,0,0,0,0,0
9_1_4Spheres,0,1,0,0,0,0,0,0,0,0,0,0
A-19_test_mesh,0,0,0,1,0,0,0,0,0,0,1,0
Ablation_boiling_H2O,0,0,0,1,0,0,0,0,0,0,1,0
Ablation_boiling_H2O_conjugate,0,0,0,0,0,0,0,0,0,2,5,0
Ablation_boiling_H2O_conjugate_VOF,0,0,0,1,0,0,0,0,0,0,1,0
Ablation_box_boiling_H2O_conjugate,0,0,0,0,0,0,0,0,0,2,5,0
Ablation_box_sublimation_CO2_conjugate,0,0,0,7,0,0,1,0,2,2,19,9
Ablation_Carcass,0,0,0,1,0,0,0,0,0,0,1,0
Ablation_chemistry_CO2,0,0,0,1,0,0,0,0,0,0,1,0
Ablation_chemistry_CO2_conjugate,0,0,0,7,0,0,1,0,2,2,18,0
Ablation_radiation_fall,0,0,0,0,0,0,0,0,0,0,1,0
Ablation_sublimation_C2,0,0,0,1,0,0,0,0,0,0,1,0
Ablation_sublimation_C2_conjugate,0,0,0,7,0,0,1,0,2,2,18,0
Ablation_sublimation_C2_conjugate_VOF,0,0,0,1,0,0,0,0,0,0,2,5
Ablation_sublimation_C2_conjugate_VOF_Pill_2D_sector,0,0,0,1,0,0,0,0,0,0,2,5
Ablation_sublimation_condensation_H2O,0,0,0,1,0,0,0,0,0,0,1,0
Ablation_sublimation_condensation_H2O_conjugate,0,0,0,0,0,0,0,0,0,2,5,0
Ablation_sublimation_H2O,0,0,0,1,0,0,0,0,0,0,1,0
Ablation_sublimation_H2O_conjugate,0,0,0,0,0,0,0,0,0,0,1,0
Ablation_temp_error12448,0,0,0,0,0,0,0,0,9,2,19,20
Acoustic_source,0,0,0,0,0,0,0,0,0,0,0,0
Acoustic_source_forward,0,0,0,0,0,0,0,0,0,0,0,0
Acoustic_source_rotor,0,0,0,0,0,0,0,0,0,0,0,0
Acoustic_standing_wave,0,0,0,0,0,0,0,0,0,0,0,0
Acoustic_wave,0,0,0,0,0,0,0,0,0,0,0,0
Acoustic_wave_conjugate,0,0,0,0,0,0,0,0,0,0,0,0
Acoustic_wave_TimeStep,0,0,0,0,0,0,0,0,0,0,0,0
Acoustic_wave_water,0,0,0,0,0,0,0,0,0,0,0,0
adapt3_assembly,0,0,0,1,0,0,0,0,0,0,1,0
Adapt_2subreg,0,0,0,1,0,0,0,0,0,0,0,0
Adapt_after_moving_body,0,0,0,1,0,0,0,0,0,0,1,4
Adapt_by_curv,0,0,0,1,0,0,0,0,0,0,0,0
Adapt_by_sharp_edges,0,0,0,1,0,0,0,0,0,0,0,0
adapt_condition_init_wall_distane,0,0,0,1,0,0,0,0,0,0,1,0
adapt_gap_off,0,0,0,1,0,0,0,0,0,0,0,0
Adapt_solution_value,0,0,0,1,0,0,0,0,0,0,0,0
adapt_sol_1subregion_cont_error,0,0,0,1,0,0,0,0,0,0,1,0
adapt_test_31204,0,0,0,1,0,0,1,0,0,0,1,0
adapt_trans1,0,0,0,1,0,0,0,0,0,0,1,0
adapt_V_by_value,0,0,0,1,2,0,1,1,1,1,1,0
Advanced_formula_editor,0,0,0,0,0,0,0,0,0,0,0,0
AGARD_0499,1,0,0,1,2,2,1,2,0,1,2,2
AL31_5,0,0,0,1,0,0,0,0,0,0,1,0
AMDGapProbl,0,0,0,1,0,0,0,0,0,0,1,0
AmdReduced_gap,0,0,0,1,0,0,0,0,0,0,2,0
Anisotropic_thermal_conductivity0,0,0,0,1,0,0,0,0,0,0,0,0
Anisotropic_thermal_conductivity_perpendicular100,0,0,0,1,0,0,0,0,0,0,0,0
Anisotropic_thermal_conductivity_perpendicularBC0,0,0,0,1,0,0,0,0,0,0,0,0
anomaly_press_error,0,0,0,1,0,0,0,0,0,0,0,0
APM_Heat_3,0,0,0,1,0,2,1,0,2,0,12,12
Apply_plugin_data_tire_template_3,0,0,0,0,0,0,0,0,0,0,0,0
Apply_plugin_data_tire_template_4,0,0,0,0,0,0,0,0,0,0,0,1
Arc_conj_root,0,0,0,1,0,0,0,0,0,2,17,21
Arc_conj_root_EHD,0,0,0,1,0,0,0,0,0,2,17,21
Arc_root_cons_POT,0,0,0,1,0,0,0,0,0,0,0,0
Arrenius_CH4_0_01,0,0,0,0,0,0,0,0,0,0,0,0
Arrenius_CH4_0_05,0,0,0,0,0,0,0,0,0,0,0,0
Arrenius_CH4_0_1,0,0,0,0,0,0,0,0,0,0,0,0
Arrenius_CH4_without_combustion,0,0,0,0,0,0,0,0,0,0,0,0
Arrenius_Magnussen_CH4_torch,0,0,0,0,0,0,0,0,0,0,0,0
Avalanch_noVOF_angle0_mesh3400,0,0,0,1,0,0,0,0,0,0,0,0
Avalanch_noVOF_angle30_mesh3400,0,0,0,1,0,0,0,0,0,0,0,0
Avalanch_withVOF_angle30_mesh5998,0,0,0,1,0,0,0,0,0,0,0,0
averaging_residuals,0,0,0,1,0,0,0,0,0,0,0,0
AxisSymmetric_Interpol,0,0,0,1,0,0,0,0,0,0,0,0
BackStep_KE,0,0,0,1,0,0,0,0,0,0,0,0
BackStep_KEQ,0,0,0,1,0,0,0,0,0,0,0,0
BackStep_KEQ_bradshaw,0,0,0,1,0,0,0,0,0,0,0,0
BackStep_KE_bradshaw,0,0,0,1,0,0,0,0,0,0,0,0
BackStep_LowKE,0,0,0,1,0,0,0,0,0,0,0,0
BackStep_LowKE_bradshaw,0,0,0,1,0,0,0,0,0,0,0,0
BackStep_SST,0,0,0,1,0,0,0,0,0,0,0,0
BackwardFacingStep,0,0,0,1,0,0,0,0,0,0,0,0
bac_g,0,0,0,1,0,0,0,0,0,0,0,0
bad_mesh,0,0,0,1,0,0,0,0,0,0,0,0
Bak,0,0,0,2,0,0,0,0,0,0,0,0
Bak_Mappin_Check,0,0,0,1,0,2,1,0,2,1,8,3
Bak_skew,0,0,0,1,0,0,0,0,0,0,0,0
bassein_disk_04,0,0,0,0,0,0,0,0,0,0,0,0
Basso-motor-noinlet-sector,0,0,0,1,0,0,0,0,0,0,1,0
BC-pressure-V,0,0,0,1,0,0,0,0,0,0,1,0
BC_Combustion_Arrenius,0,0,0,1,0,0,0,0,0,0,1,0
BC_Combustion_ArreniusMagnussen,0,0,0,1,0,0,0,0,0,0,1,0
BC_Combustion_EDC,0,0,0,1,0,0,0,0,0,0,1,0
BC_Combustion_Magnussen,0,0,0,1,0,0,0,0,0,0,1,0
BC_Combustion_Zeldovich,0,0,0,1,0,0,0,0,0,0,1,0
BC_ER,0,0,0,1,0,0,0,0,0,0,1,0
BC_ER_45,0,0,0,1,0,0,0,0,0,0,1,0
BC_inlet_velocity,0,0,0,1,0,0,0,0,0,0,1,0
BC_MassFraction,0,0,0,1,0,0,0,0,0,0,1,0
BC_MassFraction_45,0,0,0,1,0,0,0,0,0,0,1,0
BC_Rot,0,0,0,1,0,0,0,0,0,0,1,0
bc_sliding2_ku_solver,0,0,0,1,0,0,0,0,0,0,1,0
BC_Temp,0,0,0,1,0,0,0,2,1,0,1,0
BC_Temp_45,0,1,0,9,0,0,1,3,1,0,3,2
BC_Temp_f(x),0,0,0,2,0,0,0,0,0,0,1,0
BC_Temp_table,0,0,0,2,0,0,1,3,1,0,1,0
BC_TotalPressure_and_VelocityDirection,0,0,0,0,0,0,3,0,0,0,1,0
BC_Vel,0,0,0,1,0,0,0,0,0,0,2,3
BC_Vel_45,0,0,0,1,0,0,0,0,0,0,3,2
BC_vel_n_press_ss_dt,0,0,0,0,0,0,0,0,0,0,1,0
BC_wall_Radiation_Equilibrium_P1_model,0,0,1,1,0,0,0,0,0,0,1,0
BC_WALL_TRANSLATION,0,0,0,1,0,0,0,0,0,0,0,0
BC_WALL_TRANSLATION_SLIP,0,0,0,1,0,0,0,0,0,0,0,0
Bearing_channel,0,0,0,0,0,0,0,0,0,0,0,0
Bearing_channel_gap,0,0,0,0,0,0,1,1,0,0,0,0
Bearing_channel_MB,0,0,0,1,0,0,0,0,0,0,0,0
Bearing_channel_MB_Gap,0,0,0,1,0,0,0,0,0,0,0,0
BentPipe_round_Re1e6_2por,0,0,0,2,0,0,0,0,0,0,0,0
BentPipe_round_Re1e6_grid,0,0,0,1,0,0,0,0,0,0,0,0
Bernulli_1d,0,1,0,1,0,0,0,0,0,0,0,0
Bernulli_2d,0,1,0,1,0,0,0,0,0,0,0,0
Bernulli_g_1d,0,0,0,1,0,0,0,0,0,0,0,0
Bernulli_g_1d_hst,0,0,0,1,0,0,0,0,0,0,0,0
Bernulli_g_2d,0,0,1,1,0,0,0,0,0,0,0,0
Bernulli_g_2d_hst,0,0,0,1,0,0,0,0,0,0,0,0
Bidon_a1,0,0,0,1,1,0,0,0,0,0,0,1
binding_example_1,0,0,0,1,0,0,0,0,0,0,0,0
Boat,0,0,0,1,0,0,0,0,0,0,0,0
Boat30904,0,0,0,1,0,0,0,0,0,0,1,0
BoatSymm_OblErr,0,0,0,0,0,0,0,0,0,1,1,8
Boat_Grid,0,0,0,1,0,0,0,0,0,0,0,0
bochka_3_09_05_fall_vof,0,0,0,0,0,0,0,0,0,0,1,0
bochka_test_characters,0,0,0,1,0,0,0,2,0,0,2,6
box-1d_test,0,0,0,1,0,0,0,0,0,0,0,0
box-2d_test,0,0,0,1,0,0,0,0,0,0,0,0
Box,0,0,0,1,0,0,0,0,0,0,0,0
Box2_in_PartedDomain,0,0,0,1,0,0,0,0,0,0,0,0
Boxes,0,0,0,1,0,0,0,0,0,0,0,0
Box_IniVoF,0,0,0,1,0,0,0,0,0,0,0,0
Box_IniVoF_mb,0,0,0,1,0,0,0,0,0,1,0,0
box_insert_sliding,0,0,0,1,0,0,1,0,0,2,3,6
Box_in_PartedDomain,0,0,0,1,0,0,0,0,0,0,0,0
Box_in_PartedDomain_2_mb,0,0,0,0,0,0,0,0,0,0,0,0
Box_in_UnitedDonain,0,0,0,1,0,0,0,0,0,0,0,0
box_layers,0,0,0,1,1,0,0,0,1,1,1,0
Box_test,0,0,0,0,0,0,0,0,0,0,0,0
Brick,4,0,0,1,2,2,3,0,2,2,9,0
Brick_CSE,0,0,0,0,0,0,0,0,5,0,7,0
bsh4GridErrorTS6920,0,0,0,1,0,0,0,0,0,0,3,0
Buiild_grid_test,0,0,0,1,0,0,0,0,0,0,0,0
Building_streamLines_space,0,0,0,0,0,0,0,0,0,0,0,0
Bulka,0,0,0,1,0,0,0,0,0,0,0,0
B_02_grid,0,0,0,1,0,0,0,0,0,0,1,0
calculation,0,0,0,1,0,0,0,0,0,0,1,0
calculator_order_of_operations,0,0,0,1,0,0,0,0,0,0,1,0
Calc_func_prev_prevvec,0,0,0,1,0,0,0,0,0,0,0,0
Calc_prev_func_mass_flow,0,0,0,1,0,0,1,1,0,0,0,0
Capillar_1Phase_hst,0,0,0,1,0,0,0,0,0,0,0,0
Capillar_2Phase_hst,0,0,0,0,0,0,0,0,0,0,0,0
Car1_mesh,0,0,0,1,0,0,0,0,0,0,0,0
Car2_mesh,0,0,0,1,0,0,0,0,0,0,1,0
Car3_mesh,0,0,0,1,0,0,0,0,0,0,0,0
Car4_mesh,0,0,0,1,0,0,0,0,0,0,1,0
Carcass3322,0,0,0,1,0,0,0,0,0,0,0,0
Carcass_Disp_thermal_cond_phase_transfer,0,0,0,1,0,0,0,0,0,0,0,0
Carcass_F_mu_Cp_gas_T200,0,0,0,1,0,0,0,0,0,0,0,0
Carcass_F_mu_Cp_liquid_T200,0,0,0,1,0,0,0,0,0,0,0,0
Carcass_heat_from_water_phase_volume_0_4,0,0,0,1,0,0,0,0,0,0,0,0
Carcass_heat_from_water_phase_volume_0_4_coefficient_from_interface,0,0,0,1,0,0,0,0,0,0,0,0
Carcass_polinom_liquid_T200,0,0,0,1,0,0,0,0,0,0,0,0
carcass_tisey_temp,0,0,0,0,0,1,0,0,0,0,0,0
Carcass_water_heat_D_phase_volume_0_6,0,0,0,1,0,0,0,0,0,0,0,0
Carcass_Water_heat_from_volume_0_4_from_interface,0,0,0,1,0,0,0,0,0,0,0,0
Carcass_water_heat_F_phase_volume_0_6,0,0,0,1,0,0,0,0,0,0,0,0
Carcass_water_heat_transfer,0,0,0,1,0,0,0,0,0,0,0,0
Carcass_Water_heat_transfer_from_interface,0,0,0,0,0,0,0,0,0,0,0,0
Carcass_Water_no_motion_heat_transfer_from_interface,0,0,0,0,0,0,0,0,0,0,0,0
catapulta,0,0,0,0,0,0,0,0,0,0,1,0
cell_debug_chips,0,0,0,1,0,0,0,0,0,0,0,2
Channel_2VoF,0,0,0,1,0,0,1,1,1,0,0,0
Channel_Confuse,0,0,0,1,0,0,0,0,0,0,1,0
Channel_moving_body_after_VoF,0,0,0,1,0,0,0,1,0,0,0,0
Channel_moving_body_before_VoF,0,0,0,1,0,0,0,1,0,0,0,0
Channel_moving_body_before_VoF2,0,0,0,1,0,0,1,2,0,0,0,0
Channel_VoF,0,0,0,1,0,0,0,1,0,0,0,0
CheckError_AdaptBoundsRippleWithSGA_EHD,1,0,1,3,0,1,1,0,0,0,0,0
CheckErr_OBL_katamaran,0,0,0,1,0,0,0,0,0,0,0,0
Chemestri_init_mass_ftacrion_fail,0,0,0,1,0,0,0,0,0,0,0,0
china_01,0,0,0,1,0,0,0,0,0,0,1,0
city_bedroom_test2,0,0,0,1,0,0,0,0,0,0,1,0
clearance_view_0,0,0,0,1,0,0,0,0,0,0,0,0
Cniimash_china_water_last_step,0,0,0,1,0,0,1,0,0,0,1,0
Coal_1D_balances_TEST_MULTI_DISP_4_EQ_GR,0,0,0,1,0,0,1,0,0,3,5,0
Coal_1D_balances_TEST_TUTORIAL,0,0,0,1,0,0,1,0,0,0,1,0
CoandtEffect,0,0,0,1,0,0,0,1,0,0,0,0
CoaxTubes_2,0,0,0,1,0,0,0,0,0,0,0,0
CoaxTubes_2_Gap,2,2,2,3,2,1,1,0,0,0,0,0
CoaxTubes_360,0,0,0,1,0,0,0,0,0,0,0,0
CoaxTubes_360_Gap,0,0,0,1,0,0,0,0,0,0,0,0
Colimn_mb_309_1,0,0,0,1,0,0,0,0,0,0,0,0
Colimn_static_1Phase_mb,0,0,0,1,0,0,0,0,0,0,0,0
Colimn_static_2Phases_mb,0,0,0,1,0,0,0,0,0,0,0,0
Column_1Phase,0,0,0,1,0,0,0,0,0,0,0,0
Column_1Phase_hst,0,0,0,1,0,0,0,0,0,0,0,0
Column_2Phases,0,0,0,1,0,0,0,0,0,0,0,0
Column_2Phases_hst,0,0,0,1,0,0,0,0,0,0,0,0
Column_dynamic_1Phase,1,1,1,1,3,0,2,0,0,0,1,0
Column_dynamic_1Phase_hst,0,0,0,1,0,0,0,0,0,0,0,0
Column_dynamic_2Phases,0,0,0,1,0,0,0,1,0,0,0,0
Column_dynamic_2Phases_hst,0,0,0,1,0,0,0,2,0,0,0,0
Column_inclined_1Phase,0,0,0,1,0,0,0,1,0,0,0,0
Column_inclined_1Phase_hst,0,0,0,1,0,0,2,1,0,0,0,0
Column_inclined_1Phase_reverse,0,0,0,1,0,0,0,2,0,0,0,0
Column_inclined_1Phase_reverse_drops,0,0,0,0,0,0,0,0,0,0,0,0
Column_inclined_2Phases,0,0,0,1,0,0,0,1,0,0,0,0
Column_inclined_2Phases_hst,0,3,1,1,0,0,0,2,0,0,0,0
Column_inclined_2Phases_reverse,1,0,0,1,0,0,0,1,0,1,1,0
Column_liquid,0,0,0,1,0,0,0,0,0,0,0,0
Column_liquid_hst,0,0,0,1,0,0,0,0,0,0,0,0
Column_static_1Phase,1,2,1,4,3,1,1,3,2,0,1,3
Column_static_2Phase,0,0,0,1,0,0,0,0,0,0,0,0
Column_static_2Phase_hst,0,0,0,1,0,0,0,0,0,0,0,0
Column_static_hst_1Phase,0,0,0,1,0,0,0,0,0,0,0,0
Combustion,0,0,0,0,0,0,0,1,0,0,1,0
Combustion_0D_Alfa05,0,0,0,1,0,0,0,0,0,0,1,0
Combustion_0D_Alfa1,0,0,0,1,0,0,0,0,0,0,1,0
Combustion_0D_Alfa2,0,0,0,1,0,0,0,0,0,0,1,0
Combustion_0D_ArreniusMagnussen_Alfa05,0,0,0,1,0,1,0,0,0,0,1,0
Combustion_0D_ArreniusMagnussen_Alfa1,1,0,0,1,0,0,0,0,0,0,1,0
Combustion_0D_ArreniusMagnussen_Alfa1_BigTign,0,0,0,1,0,0,0,0,0,0,1,0
Combustion_0D_ArreniusMagnussen_Alfa1_BTI,0,0,0,1,0,0,0,0,0,0,1,0
Combustion_0D_ArreniusMagnussen_Alfa1_Extinction,0,0,0,1,0,0,0,0,0,0,1,0
Combustion_0D_ArreniusMagnussen_Alfa2,0,0,0,1,0,0,0,0,0,0,1,0
Combustion_0D_Arrenius_Alfa05,0,0,0,1,0,0,0,0,0,0,1,0
Combustion_0D_Arrenius_Alfa1,0,0,0,1,0,0,1,0,0,0,1,0
Combustion_0D_Arrenius_Alfa1_BigTign,0,0,0,1,0,0,0,0,0,0,1,0
Combustion_0D_Arrenius_Alfa1_BigTign_Ignition,0,0,0,1,1,0,0,0,0,0,1,0
Combustion_0D_Arrenius_Alfa1_Extinction,0,0,0,1,0,0,0,0,0,0,1,0
Combustion_0D_Arrenius_Alfa2,0,0,0,1,0,0,0,0,0,0,1,0
Combustion_0D_EDC_Alfa05,0,0,0,1,0,0,0,0,0,0,1,0
Combustion_0D_EDC_Alfa1,0,0,0,1,0,1,0,0,0,0,1,0
Combustion_0D_EDC_Alfa1_BigTign,0,0,0,1,0,0,0,0,0,0,1,0
Combustion_0D_EDC_Alfa1_BigTign_Ignition,0,0,0,1,0,0,0,0,0,0,1,0
Combustion_0D_EDC_Alfa1_Extinction,0,0,0,1,0,0,0,0,0,0,1,0
Combustion_0D_EDC_Alfa2,0,0,0,1,0,0,0,0,0,0,1,0
Combustion_0D_Magnussen_Alfa05,0,0,0,1,0,0,0,0,0,0,1,0
Combustion_0D_Magnussen_Alfa1,0,0,1,1,0,1,0,0,0,0,1,0
Combustion_0D_Magnussen_Alfa1_BigTign,0,0,0,1,0,0,0,0,0,0,1,0
Combustion_0D_Magnussen_Alfa1_BigTign_Ignition,0,0,0,1,0,0,0,0,0,0,1,0
Combustion_0D_Magnussen_Alfa1_Extinction,0,0,0,1,0,0,0,0,0,0,1,0
Combustion_0D_Magnussen_Alfa2,0,0,0,1,0,0,0,0,0,0,1,0
Combustion_0D_Zeldovich_Alfa05,0,0,0,1,0,0,0,0,0,0,1,0
Combustion_0D_Zeldovich_Alfa1,0,1,0,1,0,0,0,0,0,0,1,0
Combustion_0D_Zeldovich_Alfa1_BigTign,0,0,0,1,0,0,0,0,0,0,1,0
Combustion_0D_Zeldovich_Alfa1_BigTign_Ignition,0,0,0,1,0,0,0,0,0,0,1,0
Combustion_0D_Zeldovich_Alfa1_Extinction,0,0,0,1,0,0,0,0,0,0,1,0
Combustion_0D_Zeldovich_Alfa2,0,0,0,1,0,0,0,0,0,0,1,0
CommandFileInitGrid,0,0,0,1,0,0,0,0,0,0,1,0
CompresDispErr1,0,2,1,2,1,2,5,2,0,1,6,2
Compressor,0,0,0,1,0,0,0,0,0,0,1,0
Compressor_30901,0,0,0,1,0,0,0,0,0,0,1,0
compressor_new_version,0,0,0,1,0,0,0,0,0,0,1,0
compressor_new_version_continue,0,0,0,1,0,0,0,0,0,0,1,0
Compressor_right_ch,0,0,0,1,0,0,0,0,0,0,1,0
Conduct,0,0,0,1,0,1,0,0,0,0,0,0
cond_by_COORD_X,0,0,0,1,0,0,0,0,0,0,1,0
Cone_M01_KEN,0,0,0,0,0,0,0,0,0,0,0,0
Cone_M01_KES,0,0,0,0,0,0,0,0,0,0,1,0
Cone_M01_SA,0,0,0,0,0,0,0,0,0,0,0,0
Cone_M01_SST,0,0,0,0,0,0,0,0,0,0,1,0
Cone_M03_KEN,0,0,0,0,0,0,0,0,0,0,0,0
Cone_M03_KES,0,0,0,0,0,0,0,0,0,0,1,0
Cone_M03_SA,0,0,0,0,0,0,0,0,0,0,0,0
Cone_M03_SST,0,0,0,0,0,0,0,0,0,0,1,0
Cone_M06_KEN,0,0,0,0,0,0,0,0,0,0,0,0
Cone_M06_KES,0,0,0,0,0,0,0,0,0,0,1,0
Cone_M06_SA,0,0,0,0,0,0,0,0,0,0,0,0
Cone_M06_SST,0,0,0,0,0,0,0,0,0,0,1,0
Cone_M08_KEN,0,0,0,0,0,0,0,0,0,0,0,0
Cone_M08_KES,0,0,0,0,0,0,0,0,0,0,1,0
Cone_M08_SA,0,0,0,0,0,0,0,0,0,0,0,0
Cone_M08_SST,0,0,0,0,0,0,0,0,0,0,1,0
Cone_M09_KEN,0,0,0,0,0,0,0,0,0,0,0,0
Cone_M09_KES,0,0,0,0,0,0,0,0,0,0,1,0
Cone_M09_SA,0,0,0,0,0,0,0,0,0,0,0,0
Cone_M09_SST,0,0,0,0,0,0,0,0,0,0,1,0
Cone_M10_KEN,0,0,0,0,0,0,0,0,0,0,0,0
Cone_M10_KES,0,0,0,0,0,0,0,0,0,0,1,0
Cone_M10_SA,0,0,0,0,0,0,0,0,0,0,0,0
Cone_M10_SST,0,0,0,0,0,0,0,0,0,0,1,0
Cone_M13_KEN,0,0,0,0,0,0,0,0,0,0,0,0
Cone_M13_KES,0,0,0,0,0,0,0,0,0,0,1,0
Cone_M13_SA,0,0,0,0,0,0,0,0,0,0,0,0
Cone_M13_SST,0,0,0,0,0,0,0,0,0,0,1,0
Cone_M20_KEN,0,0,0,0,0,0,0,0,0,0,0,0
Cone_M20_KES,0,0,0,0,0,0,0,0,0,0,1,0
Cone_M20_SA,0,0,0,0,0,0,0,0,0,0,0,0
Cone_M20_SST,0,0,0,0,0,0,0,0,0,0,1,0
Cone_OBL_reverse,0,0,0,0,0,0,0,0,0,0,0,0
cone_vel01_11,0,0,0,1,0,0,0,0,0,0,0,0
Conjugate_Convection,0,0,0,1,0,0,0,0,0,0,0,0
Conjugate_Convection_TConnect,0,0,0,1,0,0,0,0,0,0,0,0
Conj_Ball,0,0,0,1,0,0,0,0,0,0,0,0
Conj_Conduction_Smooth,0,0,0,1,0,0,0,0,0,0,0,0
conj_lamtube_1model_1phase,0,0,0,0,0,0,0,0,0,0,0,0
conn_2_turbmodel,0,0,0,1,0,0,0,0,0,0,0,0
conn_2_turbmodel_KEQ,0,0,0,1,0,0,0,0,0,0,0,0
conn_2_turb_model_KES_SA,0,0,0,1,0,0,0,0,0,0,0,0
conn_2_turb_model_KES_SST,0,0,0,1,0,0,0,0,0,0,0,0
Constants,0,0,0,1,0,0,0,0,0,0,0,0
contoursOnimp_obj,0,0,0,1,0,0,0,0,0,0,0,0
ConvectiveHeatTransfer_1D,0,0,0,1,0,0,0,0,0,0,0,0
ConvectiveMassTransfer_1D,0,0,0,1,0,0,0,0,0,0,0,0
cooler_mesh,0,0,0,1,0,0,0,0,0,0,1,0
COPY106_5,0,0,0,0,0,0,0,0,0,0,1,0
COPY106_5_skew,0,0,0,0,0,0,0,0,0,0,1,0
CornerBottom_1Phase,0,0,0,1,0,0,0,0,0,0,0,0
CornerBottom_1Phase_hst,0,0,0,1,0,0,0,0,0,0,0,0
CornerBottom_2Phases,0,0,0,1,0,1,1,0,1,1,0,0
CornerBottom_2Phases_hst,0,0,0,1,0,0,0,0,0,0,0,0
CornerBottom_liquid,0,0,0,1,0,0,0,0,0,0,0,0
CornerBottom_liquid_hst,0,0,0,1,0,0,0,0,0,0,0,0
cosinus_BC,0,0,0,1,0,0,0,0,0,0,0,0
cosinus_BC2,0,0,0,1,0,0,0,0,0,0,0,0
cosinus_IniValue,0,0,0,1,0,0,0,0,0,0,0,0
Couette,0,0,0,1,0,0,0,0,0,0,0,0
Couette_gap,0,0,0,1,0,0,0,0,0,0,0,0
Couette_heat,0,0,1,1,0,0,0,0,0,0,0,0
Couette_heat_gap,0,0,0,1,0,0,0,0,0,0,0,0
CrossingGrid,0,0,0,1,0,0,0,0,0,0,1,0
CUBE_with_Vapour_grid1,0,0,0,0,0,0,0,0,0,0,1,0
Current_theory_basic,0,0,0,1,0,0,0,0,0,0,0,0
Current_theory_pot_drop_const,0,0,0,1,0,0,0,0,0,0,0,0
Current_theory_pot_drop_table,0,0,2,1,0,0,0,0,0,0,0,0
Cylinder_in_water,0,0,0,1,0,0,0,0,0,0,0,0
Cylinder_in_water_2Phase,0,0,0,1,0,0,2,2,0,0,1,0
Cylinder_lam,0,0,0,1,0,1,0,0,0,0,0,0
Cylinder_lam_heat_Re10,0,0,0,1,0,0,0,0,0,0,0,0
Cylinder_lam_heat_Re10_OBL,0,0,0,1,0,0,0,0,0,0,0,0
Cylinder_lam_Re100,0,0,0,1,0,0,0,0,0,0,0,0
Cylinder_lam_Re100_Fy_unsteady,0,0,0,1,0,1,0,0,0,0,0,0
Cylinder_lam_Re13,0,0,0,1,0,0,0,0,0,0,0,0
Cylinder_lam_Re15,0,0,0,1,0,0,0,0,0,0,0,0
Cylinder_lam_Re20,0,0,0,1,0,0,0,0,0,0,0,0
Cylinder_Re_6_5,0,0,0,1,0,0,0,0,0,0,0,0
Cylinder_turb_1e4_1e7_KEFV,0,0,0,0,0,0,0,0,0,0,0,0
Cylinder_turb_1e4_1e7_KES,0,0,0,0,0,0,0,0,0,0,0,0
Cylinder_turb_1e4_1e7_SA,0,0,0,0,0,0,0,0,0,0,0,0
Cylinder_turb_1e4_1e7_SST,0,0,0,0,0,0,0,0,0,0,0,0
Cylinder_turb_1e7_KEAKN,0,0,0,0,0,0,0,0,0,0,0,0
Cylinder_turb_1e7_KEFV,0,0,0,0,0,0,0,0,0,0,0,0
Cylinder_turb_1e7_KEQ,0,0,0,0,0,0,0,0,0,0,0,0
Cylinder_turb_1e7_KES,0,0,0,0,0,0,0,0,0,0,0,0
Cylinder_turb_1e7_KES_Bradshaw,0,0,0,0,0,0,0,0,0,0,0,0
Cylinder_turb_1e7_KES_nonequilibrium,0,0,0,0,0,0,0,0,0,0,0,0
Cylinder_turb_1e7_KES_small_background,0,0,0,0,0,0,0,0,0,0,0,0
Cylinder_turb_1e7_KES_WFS,0,0,0,0,0,0,0,0,0,0,0,0
Cylinder_turb_1e7_SA,0,0,0,0,0,0,0,0,0,0,0,0
Cylinder_turb_1e7_SM,0,0,0,0,0,0,0,0,0,0,0,0
Cylinder_turb_1e7_SST,0,0,0,0,0,0,0,0,0,0,0,0
Cylinder_turb_OBL,0,0,0,1,0,0,0,0,0,0,0,0
CYL_BIF_Drops_PressOscill_LIKE_RRJ_NO_DROPS,0,0,0,1,0,0,0,0,0,0,1,0
Cyl_Pgrad,0,0,0,1,0,0,0,0,0,0,1,0
Cyl_VOF_43807,18,23,22,17,19,19,21,19,5,0,0,0
dana_bez,0,0,0,1,0,0,0,0,0,0,0,0
Darcy_anisotropic_conductivity,0,0,0,1,0,0,0,0,0,0,0,0
Darcy_Darcy_conjugate,0,2,0,0,0,0,0,0,0,0,2,0
Darcy_grav_P_lam_tube_TEST,0,0,0,1,0,0,0,0,0,0,0,0
Darcy_grav_V_lam_tube_TEST,0,0,0,1,0,0,0,0,0,0,0,0
Darcy_Modifiers_Resistance,0,0,0,1,0,0,0,0,0,0,0,0
Darcy_NS_conjugate,0,0,0,0,0,0,0,0,0,0,1,0
Darcy_NS_conjugate_Matrix,0,2,0,0,0,0,0,0,0,0,1,0
Darcy_NS_conjugate_Resistance,0,2,0,0,0,0,0,0,0,0,1,0
dc_export_error,0,0,0,1,0,0,0,0,0,0,1,0
DEHN_TEST,0,4,1,2,1,0,0,0,0,1,4,4
density_switch_controller,0,0,0,1,0,0,0,0,0,0,1,0
Dens_dep_of_Cur,0,0,0,1,0,0,0,0,0,0,0,0
DEN_Err,0,0,0,1,0,0,0,0,0,0,2,0
DielPlates,0,0,0,1,0,0,0,0,0,0,0,0
DiffConvHeat_1D,0,0,0,1,1,0,0,0,0,2,4,2
DiffConvHeat_1D_45,0,0,0,1,1,0,0,0,0,0,0,0
DiffConvHeat_1D_Periodic,0,0,0,1,0,0,0,0,0,0,0,0
DiffConvHeat_1D_Periodic_45,0,0,0,1,1,0,0,0,0,0,0,0
DiffConvHeat_1D_VoF,0,0,0,1,0,0,0,1,0,0,0,0
DiffConvHeat_2D,0,0,0,1,0,0,0,0,0,0,0,0
DiffConvHeat_3D,0,0,0,1,0,0,0,0,0,0,0,0
DiffConvHeat_3D_FullConj,0,0,0,1,0,0,0,0,0,0,0,0
DiffConvHeat_3D_Sliding,0,0,0,2,0,0,0,0,0,0,0,0
DiffConv_1D,0,0,0,2,0,0,0,1,2,1,2,2
DiffConv_1D_45,0,0,0,1,0,0,0,0,0,0,0,0
DiffConv_1D_Arrenius,0,0,0,1,0,0,0,0,0,2,2,0
DiffConv_1D_ArreniusMagnussen,0,0,0,1,0,0,0,0,0,0,0,0
DiffConv_1D_DiffEnt,0,0,0,1,0,0,0,0,0,0,0,0
DiffConv_1D_EDC,0,0,0,1,0,0,0,0,0,2,2,0
DiffConv_1D_explicit_time_step,0,0,0,1,0,0,0,0,0,0,0,0
DiffConv_1D_Magnussen,0,0,0,1,0,0,0,0,0,0,0,3
DiffConv_1D_Periodic,0,0,0,1,0,0,0,0,0,0,0,0
DiffConv_2D,0,0,0,1,0,0,0,0,0,0,0,1
DiffConv_3D,0,0,0,1,0,0,0,0,0,0,0,0
Different_mass_flows_err,0,0,0,0,0,0,0,0,0,0,1,0
Different_time_coefficients,0,0,0,1,0,0,0,0,0,0,1,0
DiffHeat_1D,0,0,0,1,0,0,0,0,0,0,0,0
DiffHeat_1D_45,0,0,0,1,0,0,0,0,0,0,0,0
DiffHeat_1D_NoMotion,0,0,0,1,0,0,0,0,0,0,0,0
DiffHeat_1D_Periodic,0,0,0,1,0,0,0,0,0,0,0,0
DiffHeat_1D_Periodic_45,0,0,0,1,0,0,0,0,0,0,0,0
DiffHeat_1D_VoF,0,0,0,1,0,0,0,0,0,0,0,0
DiffHeat_2D,0,0,0,1,0,0,0,0,0,0,0,0
DiffHeat_2D_Sliding,0,0,0,1,0,0,0,0,0,0,0,0
DiffHeat_2D_Sliding_skew,0,0,0,1,0,0,0,0,0,0,0,0
DiffHeat_3D,0,0,0,1,0,0,0,0,0,0,0,0
DiffHeat_3D_FullConj,0,0,0,1,0,0,0,0,0,0,0,0
DiffHeat_3D_TConj,0,0,0,1,0,0,0,0,0,0,0,0
Diff_1D,0,0,0,1,0,0,0,0,0,0,0,0
Diff_1D_45,0,0,0,1,0,0,0,0,0,0,1,2
Diff_1D_Arrhenius,0,0,0,1,0,0,0,0,0,0,0,0
Diff_1D_Arrhenius_Magnussen,0,0,0,1,0,0,0,0,0,0,0,0
Diff_1D_Chemistry,0,0,0,1,0,0,0,0,0,0,0,0
Diff_1D_Chemistry_3_substance,0,0,0,1,0,0,0,0,0,0,0,0
Diff_1D_Chemistry_matrix_solver,0,0,0,1,0,0,0,0,0,0,0,0
Diff_1D_EDC,0,0,0,1,0,0,0,0,0,0,0,0
Diff_1D_Magnussen,0,0,0,1,0,0,0,0,0,0,0,0
Diff_1D_NoMotion,0,0,0,1,0,0,0,0,0,0,0,0
Diff_1D_Periodic,0,0,0,1,0,0,0,0,0,0,0,0
Diff_1D_Periodic_45,0,0,0,1,0,0,0,0,0,0,0,0
Diff_1D_Periodic_Chemistry,0,0,0,1,0,0,0,0,0,0,0,0
Diff_1D_Zeldovich,0,0,0,1,0,0,0,0,0,0,0,0
Diff_2d,0,0,0,1,0,0,0,0,0,0,1,0
Diff_2D_Sliding,0,0,0,1,0,0,0,0,0,0,1,0
Diff_2D_Sliding_Chemistry,0,0,0,1,0,0,0,0,0,0,1,0
Diff_3d,0,0,0,1,0,0,0,0,0,0,1,0
disc_VoF,0,0,0,0,0,0,0,2,0,0,0,6
Disk_periodic_surface,0,0,0,1,0,0,0,0,0,0,1,0
disk_vof1,0,0,0,1,0,0,0,0,0,0,0,0
Dispersed_309_Bubbles_2D_Gravity_NEW,0,0,0,1,0,0,0,0,0,3,18,0
Dispersed_boundary_conj_error,0,0,0,0,0,0,0,1,0,0,1,5
Dispersed_bubbles_ideal_pipe,0,0,0,1,0,0,0,0,0,4,17,0
Dispersed_Bubbles_zero_buoyancy,0,0,0,1,0,0,0,0,0,0,0,0
Dispersed_Bubles_2D_Gravity_no_Cd,0,0,0,1,0,0,0,0,0,0,0,0
Dispersed_Inflow_Outflow,0,0,0,1,0,0,0,0,0,0,0,0
Dispersed_massflow,0,0,0,0,0,0,0,0,0,0,1,0
Dispersed_supersonic_jet,0,0,0,1,0,0,2,1,0,0,1,3
Dispersed_supersonic_jet_evaporation,0,0,0,1,0,0,1,0,0,0,1,0
Dispersia_MB_fail,0,0,0,1,0,0,0,0,0,0,1,0
Disp_additive_force,0,0,0,0,0,1,1,0,0,0,1,3
Disp_fall,0,0,0,1,0,0,0,0,0,0,0,0
Disp_fall_skew,0,0,0,1,0,0,0,0,0,0,0,0
Disp_fluid_no_surf_tension,0,0,0,1,0,0,1,0,0,0,1,0
Disp_ini_cond,0,0,0,1,0,0,1,0,0,0,1,0
Disp_massTransfer_without_moving,1,0,0,1,0,0,0,1,0,0,0,0
disp_test2_AST,5,0,0,1,0,0,1,0,0,4,19,0
disp_test2_TParFBSS,6,0,0,1,0,0,1,0,0,3,18,0
Dissociation_N2,0,0,0,1,0,0,0,0,0,0,1,0
Dissociation_N2_5000,0,0,0,1,0,0,0,0,0,0,0,0
Dissociation_N2_5000_element,0,0,0,1,0,0,0,0,0,0,0,0
Dissociation_N2_5000_matrix_solver,0,0,0,1,0,0,0,0,0,0,0,0
Dissociation_N2_5000_one_reaction,0,0,0,1,0,0,0,0,0,0,0,0
Distanse_to_wall_fall,0,0,0,0,0,0,0,0,0,0,1,0
DistributedCharacteristics,0,0,0,1,0,0,0,0,0,0,0,0
DLR_F4_4_OBL_fall,0,0,0,0,0,0,0,0,0,2,1,0
DLR_F4_mesh_test,0,0,0,1,0,0,0,0,0,0,1,0
DLR_F6_0_1_new,0,0,0,1,0,0,0,0,0,0,1,0
DLR_OBL,0,0,0,1,0,0,0,0,0,0,1,0
DOM_FV_Template_2_debug_SZ,0,0,0,0,0,0,1,4,3,0,1,0
double_disp,0,0,0,1,0,0,0,0,0,0,1,0
dP_22852-76351_2_vol2_null_diff_BCAvg_newBC,0,0,0,0,0,0,0,0,0,0,0,0
DRhoDPDiff,0,0,0,0,0,0,0,0,0,0,3,0
Dron_Hyd_Acoustics,0,0,0,0,0,0,0,0,0,0,0,0
Droplets_Mass_Energy_Balances_expl,0,0,0,1,0,0,1,0,0,3,6,0
Droplets_Mass_Energy_Balances_impl,0,0,0,1,0,0,1,0,0,3,6,0
Drops,0,0,0,1,0,0,1,0,0,4,6,4
Drops_BC,0,0,0,1,0,0,1,0,0,0,1,0
Drops_decay_KHRT,0,0,0,1,0,0,0,0,0,0,0,0
Drops_decay_KHRT_g,0,0,0,1,0,0,0,0,0,0,0,0
Drops_decay_KHRT_g_CD2,0,0,0,1,0,0,0,0,0,0,0,0
Drops_decay_KHRT_g_CD3,0,0,0,1,0,0,0,0,0,0,0,0
Drops_decay_KHRT_g_CD4,0,0,0,1,0,0,0,0,0,0,0,0
Drops_decay_KHRT_g_CD5,0,0,0,1,0,0,0,0,0,0,0,0
Drops_decay_KHRT_Hiroyasu,0,0,0,1,0,0,0,0,0,0,0,0
Drops_decay_KHRT_many_processes,0,0,0,1,0,0,0,0,0,0,0,0
Drops_decay_KHRT_many_processes_combustion,0,0,0,1,0,0,0,0,0,0,0,5
Drops_decay_KHRT_many_processes_KEAKN,0,0,0,1,0,0,0,0,0,0,0,0
Drops_decay_KHRT_many_processes_KEFV,0,0,0,1,0,0,0,0,0,0,0,0
Drops_decay_KHRT_many_processes_KEQ,0,0,0,1,0,0,0,0,0,0,0,0
Drops_decay_KHRT_many_processes_KES_mixing,0,0,0,1,0,0,0,0,0,0,0,0
Drops_decay_KHRT_many_processes_SA,0,0,0,1,0,0,0,0,0,0,0,1
Drops_decay_KHRT_many_processes_Sm,0,0,0,1,0,0,0,0,0,0,0,0
Drops_decay_KHRT_many_processes_SST,0,0,0,1,0,0,0,0,0,0,0,0
Drops_decay_KHRT_MW,0,0,0,1,0,0,0,0,0,0,0,0
Drops_decay_RD,0,0,0,1,0,0,0,0,0,0,0,0
Drops_decay_RD_Weber12,0,0,0,1,0,0,0,0,0,0,0,0
Drops_decay_RD_Weber60_st,0,0,0,1,0,0,0,0,0,0,0,0
Drops_decay_sliding,0,0,0,1,0,0,1,0,0,0,1,0
Drops_decay_WAVE,0,0,0,1,0,0,0,0,0,0,0,0
Drops_decay_WAVE_small_r,0,0,0,1,0,0,0,0,0,0,0,0
Drops_diam_error,0,0,0,1,0,0,1,0,0,0,1,0
Drops_fuel_evaporation,12,0,0,1,0,0,1,0,0,3,17,0
Drops_HB,0,0,0,1,0,0,1,0,0,0,1,0
Drops_no_decay_We_5_99,0,0,0,1,0,0,0,0,0,0,1,0
Drops_no_masstransfer_fall,0,0,0,1,0,0,1,0,0,0,1,0
Drops_no_process,0,0,0,1,0,0,0,0,0,0,0,0
Drops_PL,0,0,0,1,0,0,1,0,0,0,1,0
Drops_polinom_gas_T200,1,0,0,1,0,0,0,0,0,0,0,0
Drops_polinom_solid_T200,1,0,0,1,0,0,0,0,0,0,0,0
Drops_Slide,0,0,0,1,0,0,1,0,0,0,1,3
Drops_small_concentration,0,0,0,0,0,0,1,0,0,0,1,0
Drops_test,0,0,0,1,0,0,0,0,0,0,0,0
Drops_vel_near_outlet,0,0,0,1,0,0,0,0,0,0,0,0
drop_in_VoF_no_process,0,0,0,1,0,0,0,0,0,0,0,0
DT_grid,0,0,0,0,0,0,0,0,0,0,1,0
DVS_FV_Comb,0,0,0,1,0,0,0,0,0,0,1,0
DVS_FV_Comb_insert-mb,0,0,0,1,0,0,0,0,0,0,1,0
DVS_Surf_temp_error,0,4,0,1,0,0,1,1,1,0,1,0
EDC_CH4_torch,0,0,0,0,0,0,0,0,0,0,0,0
edge_curve_err,0,0,0,1,0,0,0,0,0,0,0,0
EHDplates,0,0,0,1,0,0,0,0,0,0,0,0
EllipsTube_90,0,0,0,1,0,0,0,0,0,0,0,0
emitter_12_24_16_small_pred_238_cfl_full,0,0,0,1,0,0,0,0,0,0,1,0
Enthalpy_sliding_error,0,0,0,1,0,0,0,0,0,0,0,0
Enthalpy_tot_sensor_error,0,0,0,1,0,0,0,0,0,0,0,0
ErrorOBLsection1,0,0,0,0,0,0,0,0,0,0,0,0
ErrorOBLsection1_5Ñ…20,0,0,0,0,0,0,0,0,0,0,0,0
ERRoRR,0,0,0,0,0,0,0,0,0,0,1,2
Error_no_disp_Nu,0,0,0,1,0,0,0,0,0,0,0,0
err_2,0,0,0,1,0,0,0,0,0,0,1,0
Err_freeoutlet_Hypersonic_Ptot,0,0,0,0,0,0,0,0,0,0,0,0
Err_freeoutlet_Hypersonic_Ptot_skew,0,0,0,0,2,0,0,0,0,0,1,0
err_geom,0,0,0,0,0,0,0,0,0,0,0,0
evaluator_glo_tube,0,0,0,0,0,0,0,0,0,0,0,0
evaporation_check_DispMassFlow,0,0,0,0,0,0,0,0,0,0,1,4
Expand_characteristics,0,0,0,0,0,0,0,0,0,0,2,0
external_current,0,0,0,0,0,0,0,0,0,0,0,0
fail_0_subregion_factor,0,0,0,0,0,0,0,0,0,0,0,0
FallingBall_1,0,0,0,0,0,0,0,0,0,0,0,0
FallingBall_1_continuous,0,0,0,1,0,0,0,0,0,0,0,0
FallingBall_1_continuous_Press_Extropolation,0,0,0,1,0,0,0,0,0,0,0,0
FallingBall_CV,0,0,0,1,0,0,0,0,0,0,0,0
Falling_ball,0,0,0,1,0,0,0,0,0,0,0,0
falling_ball_g,0,0,0,1,0,0,0,0,0,0,1,0
Falling_ball_limiters_inclined_plane,0,4,0,1,0,0,0,0,0,0,1,1
Falling_ball_limiters_plane,0,0,0,1,0,0,0,0,0,0,0,0
Falling_ball_limiters_point,0,0,0,1,0,0,0,0,0,0,0,0
Falling_ball_limiters_point_inside_box,0,0,0,1,0,0,0,0,0,0,0,0
Falling_ball_limiters_point_inside_box2,0,0,0,1,0,0,0,0,0,0,0,0
FilmMotionCrash,0,0,0,0,0,0,0,0,0,0,0,0
FloatingBox,0,0,0,1,0,0,0,0,0,0,3,0
FloatingBox_load,0,0,0,1,0,0,0,0,0,0,0,0
flutter_air_V370_P5e4_nd_2nodes,0,0,0,1,0,2,1,0,2,0,10,5
ForceConvection,0,0,0,1,0,0,0,0,0,0,0,0
formula3_mesh_test,0,0,0,1,0,0,0,0,0,0,0,0
formula_editor_test_project_Arifmetic,0,0,0,1,3,0,0,0,0,0,0,0
formula_editor_test_project_Exponential,0,0,0,1,0,0,0,0,0,0,0,0
formula_editor_test_project_Hyperbolic,0,0,0,1,0,0,0,0,0,0,0,0
formula_editor_test_project_Logic,0,0,0,1,0,0,0,0,0,0,0,0
formula_editor_test_project_Special,0,0,0,1,0,0,0,0,0,0,0,0
formula_editor_test_project_Statistic,0,0,0,1,0,0,0,0,0,0,0,0
formula_editor_test_project_Trigonometric,0,0,0,1,0,0,0,0,0,0,0,0
Form_of_drop,0,0,0,1,0,0,0,0,0,0,0,0
Fountain_2d,0,0,0,1,0,0,0,1,0,0,0,0
FreeJet,0,0,0,1,0,0,0,1,0,0,0,0
FreeJet_load,0,0,0,0,0,0,0,0,0,0,0,0
free_surf_fall,0,0,0,1,0,0,0,0,0,0,0,0
Frozen_Rotor_0_volumeflow,1,2,1,1,1,0,0,0,0,0,0,0
frund(4_01)_ux9uy1uz9jz10,0,0,0,1,0,0,0,0,0,0,0,0
FSW2Subreg_rotation_vel,0,0,0,1,0,0,0,0,0,0,0,0
FullConj_Liquid,0,0,0,1,0,0,0,0,0,0,0,0
Fullconj_liquid5,0,0,0,0,0,0,0,0,0,0,0,0
FullConJ_Liquid_VoF,0,0,0,1,0,0,2,3,0,0,0,0
FullConj_Solid,0,0,0,1,0,0,0,0,0,0,0,0
Full_T_P_absolute,0,0,0,1,0,0,0,0,0,0,1,0
FV_valve_restart_err,0,0,0,1,0,2,1,0,2,0,9,7
F_mu_Cp_gas_T200,0,0,0,1,0,0,0,0,0,0,0,0
F_mu_Cp_liquid_T200,0,0,0,1,0,0,0,0,0,0,0,0
GapNOturbul_implicit_consumption,0,0,0,1,0,0,0,0,0,0,0,0
Gap_channel,0,0,0,1,0,0,0,0,0,0,0,0
Gap_channel_NN_BC,0,0,0,1,0,0,0,0,0,0,0,0
Gap_channel_NN_HB,0,0,0,1,0,0,0,0,0,0,0,0
Gap_channel_NN_PL,0,0,0,1,0,0,0,0,0,0,0,0
Gap_EffectiveViscosity,0,0,0,1,0,0,0,0,0,0,0,0
Gap_EffectiveViscosity_f(x),0,0,0,1,0,0,0,0,0,0,0,0
Gap_EffectiveViscosity_table,0,0,0,1,0,0,0,0,0,0,0,0
Gap_KEAKN_Re_1000,0,0,0,1,0,0,0,0,0,0,0,0
Gap_KEFV_Re_1000,0,0,0,1,0,0,0,0,0,0,0,0
Gap_KEQ_Re_1000,0,0,0,1,0,0,0,0,0,0,0,0
Gap_KES_Re_1000,0,0,0,1,0,0,0,0,0,0,0,0
Gap_KES_Re_1000_effective_Viscosity,0,0,0,1,0,0,0,0,0,0,0,0
Gap_KES_Re_2000,0,0,0,1,0,0,0,0,0,0,0,0
Gap_L-shaped_cell_velocity_rise,0,0,0,1,0,0,0,0,0,0,1,0
Gap_Re_1000_no_turb,0,0,0,1,0,0,0,0,0,0,0,0
Gap_Re_1000_no_turb_effective_Viscosity,0,0,0,1,0,0,0,0,0,0,0,0
Gap_SA_Re_1000,0,0,0,1,0,0,0,0,0,0,0,0
Gap_sm_Re_1000,0,0,0,1,0,0,0,0,0,0,0,0
Gap_SST_Re_1000,0,0,0,1,0,0,0,0,0,0,0,0
Gap_T-shaped_cell_velocity_rise,0,0,0,1,0,0,0,0,1,0,1,0
Gas-Gas-Heat,0,0,0,1,0,0,0,0,0,0,0,0
gas-solid,0,0,0,1,0,0,0,0,0,0,0,0
Gas-Solid_SP,0,0,0,0,0,0,0,0,0,0,0,0
GoodYear_channel_new_small_real_cell_1640,0,0,0,1,0,1,0,0,0,0,1,0
goroh2,0,0,0,0,0,0,0,0,0,0,0,0
gradP_angle50,0,0,0,0,0,0,0,0,1,0,0,0
Grad_of_variable,0,0,0,1,0,0,0,0,0,0,0,0
GravWave,0,0,0,0,0,0,0,0,0,0,0,0
grid01_10_2DInvestigation,5,4,5,4,6,4,4,5,6,4,3,5
grid_layer_negative_value_fail,0,0,0,1,0,0,0,0,0,0,0,0
Grid_test_2D,0,0,0,1,0,0,0,0,0,0,0,0
Group_with_zero_volume_fraction,0,0,0,0,0,0,1,0,0,0,1,0
GrSigma_0_15min_MarangConv_2D_fix_SG_Vol,0,0,0,1,0,0,0,0,0,0,0,0
GrSigma_1_Night_MarangConv_2D_fix_SG_Surf,0,0,0,1,0,0,0,0,0,0,0,0
GU_Plenka_T_Potok_RRJ-95_FuselForePart_Cylinder,0,0,0,0,0,0,0,0,0,1,1,0
Hartmann,0,0,0,1,0,0,0,0,0,0,0,0
Hartmann_ExcludePotentialEquation,0,0,0,1,0,0,0,0,0,0,0,0
HeatBalNotCurve,0,0,0,1,0,0,0,0,0,0,0,0
HeatConduct_avg_mass_mixture,0,0,0,1,0,0,0,0,0,0,0,0
HeatConduct_avg_mol_mixture,0,0,0,1,0,0,0,0,0,0,0,0
Heat_Flux_Summ,0,0,0,0,0,0,0,0,1,0,1,0
Heat_H_water,0,0,0,0,0,0,0,0,0,0,1,3
Heat_MC_avg_mixture,0,0,0,1,0,0,0,0,0,0,0,0
HM-1000_03_0,0,4,0,1,0,0,0,0,0,1,0,3
hnd_mesh_test,0,4,0,1,0,0,0,0,0,0,0,0
hnd_ng,0,0,0,0,0,0,0,0,0,0,1,0
hng_ng_implicit_new_err,0,0,0,1,0,0,1,0,0,2,4,3
HS_Ram_C_II_71_geom2_3_Polynom,0,0,0,0,0,0,0,0,0,0,1,0
Hydro_column_2D,0,0,0,1,0,0,0,0,0,0,0,0
hyper309fs_error,0,0,0,1,0,0,0,0,0,1,1,0
hyper309_new_sheme,0,0,0,1,0,0,0,0,0,1,1,0
hyper309_new_sheme_first_order,0,0,0,1,0,0,0,0,0,1,1,0
hyper309_old_sheme,0,0,0,0,0,0,0,0,0,0,0,0
hyper309_old_sheme_1st_order,0,0,0,0,0,0,0,0,0,0,0,0
Hyper_full_task_sup_out,0,0,0,1,0,0,0,0,0,0,1,0
h_6-6-3m_11_AKN_Gr05_graP_309,0,0,0,0,0,0,0,0,0,0,0,0
Icing_naca012_step1,0,0,0,0,0,0,0,0,0,0,1,0
Icing_naca012_step2,0,2,0,0,0,0,0,0,0,0,1,0
Icing_naca_own_steps,0,0,0,0,0,0,1,0,0,0,1,0
Icing_time_with_no_icing,0,0,0,1,1,1,0,0,0,0,2,0
Icing_with_DoubleSliding_Naca,0,5,0,1,0,0,1,0,0,0,1,0
IdealGas_HeatCons,0,0,0,1,0,0,0,0,0,0,1,0
IdealGas_MassCons,0,0,0,1,0,0,0,0,0,0,1,0
IdealGas_Pconst_Tvar_open,0,0,0,1,0,0,0,0,0,0,1,0
IdealGas_Tvar_closed,0,0,0,1,0,0,0,0,0,0,1,0
Ignition_extiniction,0,0,0,0,0,0,0,0,0,0,1,0
IgnoreBC,0,0,0,1,0,0,0,0,0,0,0,0
import_object_reload_geom,0,0,0,1,0,0,0,0,0,0,1,0
IncidentShock,0,0,0,1,0,0,0,0,0,0,1,0
IncludeCylinders,0,0,0,1,0,0,0,0,0,0,0,0
IncludeCylinders_OffCenter,0,0,0,1,0,0,0,0,0,0,0,0
incorrect_Yplus,0,5,0,0,0,0,0,0,0,0,0,0
IniCond_Formula,0,0,0,1,0,0,0,0,0,0,0,0
IniCond_KEAKN,0,0,0,1,0,0,0,0,0,0,0,0
IniCond_KEQ,0,0,0,1,0,0,0,0,0,0,0,0
IniCond_KES,0,0,0,1,0,0,0,0,0,0,0,0
IniCond_Multi,0,0,0,1,0,0,0,0,0,0,0,0
IniCond_SA,0,0,0,1,0,0,0,0,0,0,0,0
IniCond_SST,0,0,0,1,0,0,0,0,0,0,0,0
Injected_DieselDroplets,0,0,0,1,0,0,1,0,0,0,1,0
Inlet_1Phase_30,0,0,0,1,0,0,0,1,0,0,0,0
Inlet_2Phases_30,0,0,0,1,0,0,0,0,0,0,0,0
Inlet_fixed_vel,0,0,0,1,0,0,0,0,0,0,0,0
Inlet_mass_velosity,0,0,0,1,0,0,0,0,0,0,0,0
Inlet_MV_if,0,0,0,1,0,0,0,0,0,0,0,0
Inlet_MV_linear,0,0,0,1,0,0,0,0,0,0,0,0
Inlet_MV_pow,0,0,0,1,0,0,0,0,0,0,0,0
Inlet_TotalPressure,0,0,0,1,0,0,0,0,0,0,0,0
Inlet_VelocityWithPressure,0,0,0,1,0,0,0,0,0,0,0,0
Inlet_velosity_with_pressure,0,0,1,1,0,0,0,0,0,0,0,0
In_Comb_C0,0,0,0,1,0,0,0,0,0,0,1,0
IO_PhaseVolume,0,0,0,1,0,0,0,0,0,0,0,0
IO_PhaseVolume_2Phase,0,0,0,1,0,0,0,0,0,0,0,0
IO_PhaseVolume_MB,0,0,0,1,0,0,0,0,0,1,0,0
isochoric_heating,0,0,0,0,0,0,0,0,0,0,0,0
Isotope,0,0,0,1,0,0,0,0,0,0,1,0
jet_support_Pr-t-Kays_L-t_r-0-1_ad1,0,0,0,1,11,2,0,0,0,0,1,0
JIHT_conc,0,0,0,1,0,0,0,0,0,0,1,0
JIHT_test-Ptot,0,0,0,1,0,0,0,0,0,0,1,0
jouleheat,0,0,0,1,0,0,0,0,0,0,0,0
KBP_979_12adapt,0,0,0,0,0,0,0,0,0,0,1,0
KCS_Grid,0,0,0,1,0,0,0,0,0,0,0,0
KEFV_not_symmetry,0,0,0,1,0,0,0,0,0,0,0,0
KENDA_new_region4_short_meshtesting,0,0,0,1,0,0,0,0,0,0,0,0
Kerosene_2D_1000mkm_Zeldovich_KHRT,7,0,0,1,1,0,1,0,0,3,9,3
Kerosene_2D_50mkm_Zeldovich,1,0,0,1,1,0,1,0,0,3,7,3
Kerosene_2D_50mkm_Zeldovich_1product,1,0,0,1,1,0,1,4,5,4,6,3
Kerosene_2D_50mkm_Zeldovich_1product_without_alpha,1,0,0,1,2,0,2,1,0,4,9,3
KI3_supp_30905,0,0,0,1,0,0,0,0,0,0,1,0
kirpich_stest,0,4,0,1,0,0,0,0,0,0,1,0
Klein,0,0,0,1,0,0,0,0,0,0,0,0
Klein1,0,0,0,1,0,0,0,0,0,0,1,0
Klin_Big,0,0,0,1,1,0,0,0,0,0,1,0
KTRV0_OBL,0,0,0,0,0,0,0,0,0,0,1,0
Kuznetsov_slide05cfl,0,0,0,0,0,0,0,1,0,0,0,0
lambda309,0,0,0,2,0,0,0,1,0,0,2,0
Laminar_Ball,0,0,0,1,0,0,0,0,0,0,0,0
Lamp,0,0,0,0,0,0,0,1,0,0,1,1
LamTube_HeatFlux,0,0,0,1,0,0,0,0,0,0,0,0
LamTube_HeatFlux_F,0,0,0,1,0,0,0,0,0,0,0,0
LamTube_HeatFlux_F_45,0,0,0,0,0,0,0,0,0,0,0,0
LamTube_HeatFlux_F_OBL,0,0,0,1,0,0,0,0,0,0,0,0
LamTube_HeatFlux_F_Preiodic,0,0,0,1,0,0,0,0,0,2,0,0
LamTube_HeatFlux_He_Low_Re_1,0,0,0,1,0,0,0,0,0,0,1,0
LamTube_HeatFlux_He_Re_10,0,0,0,2,0,0,0,0,0,0,0,0
LamTube_HeatFlux_S_45,0,0,0,0,0,0,0,0,0,0,0,0
LamTube_NonNewton_GB,0,0,0,1,0,0,0,0,0,0,0,0
LamTube_Rotate,0,0,0,1,0,0,0,0,0,0,0,0
LamTube_T_F_Preiodic,0,0,0,1,0,0,0,0,0,2,0,0
LamTube_T_S,0,0,0,1,0,0,0,0,0,0,0,0
LamTube_WallSlip,0,0,0,1,0,0,0,0,0,0,0,0
Lam_PlateJet,0,0,1,1,0,0,0,0,0,0,0,1
Lam_tube,0,0,0,1,0,0,0,0,0,0,0,0
lam_tube_31301,0,0,0,0,0,0,0,0,0,0,0,0
lAM_TUBE_ank_fall,0,3,5,1,0,0,0,0,0,0,0,0
Lam_tube_Darcy_TEST,0,0,0,1,0,0,0,0,0,0,0,0
Lam_tube_exp,0,0,0,0,0,0,0,0,0,0,0,0
Lam_tube_OBL,0,0,0,0,0,0,0,0,0,0,0,0
Lam_tube_own_steps,0,0,0,0,0,0,0,0,0,0,0,0
Launch_to_continue,0,0,0,0,0,0,0,2,0,0,2,5
Layer_loss,0,0,0,0,0,0,0,0,0,0,0,0
limiter_body_above_plane,0,0,0,1,0,0,0,0,0,0,1,0
lms_and_heat_exhange,0,0,0,1,0,0,0,0,0,0,0,0
LMS_tube-cooling_2D_G21,0,0,0,1,0,0,0,0,0,0,0,0
Loading_project_with_layer_Load_in_nodes,0,0,0,1,0,0,0,0,0,0,0,0
LOGO_1Phase,0,0,0,0,0,0,0,0,0,0,0,0
LOGO_1_Phase_with_drops,0,0,0,0,0,0,0,0,0,0,0,0
Logo_noliquid,0,0,0,0,0,0,0,0,0,0,0,0
Lorentz_force_theory_air,0,0,0,1,0,0,0,0,0,0,0,0
m25_sst_v02_test1,0,0,0,1,0,0,0,0,0,0,1,0
M465_20180730_PD_1_J_050_forSupport,0,0,0,1,0,0,0,0,0,0,0,0
Mach_number_nonideal_gas,0,0,0,1,0,0,0,0,0,0,3,0
magnetic_induction_hartmann,0,0,0,0,0,0,0,0,0,0,0,0
Magnetism_n,0,0,0,1,0,0,0,0,0,0,0,0
Magnetism_t,0,0,0,1,0,0,0,0,0,0,0,0
Magnusen_CH4_torch,0,0,0,0,0,0,0,0,0,0,0,0
MakimNofictiveObl,0,0,0,0,0,0,0,0,0,0,0,0
MassCons_Inlet_1Phase,0,0,0,1,0,0,0,1,0,0,0,0
MassCons_Inlet_1Phase_Gap,0,0,0,1,0,0,0,1,0,0,0,0
MassCons_Inlet_1Phase_VoF_0_9,0,0,0,1,0,0,1,3,0,0,0,0
MassCons_Inlet_2Phases,0,0,0,1,0,1,0,1,0,0,0,0
MassCons_Inlet_2Phases_Gap,0,0,0,1,0,0,0,1,0,0,0,0
MassCons_Inlet_2Phases_VoF_0_9,0,0,0,1,0,0,1,2,0,0,0,0
Massflow_of_groups,0,0,0,0,0,0,1,2,1,1,3,4
MassTransfer_Conduct,0,0,0,1,0,0,0,1,0,0,0,0
MassTransfer_Conduct_SubProp_table,0,0,0,1,0,0,0,1,0,0,0,0
MassTransfer_Conduct_SubProp_table_skew,0,0,0,1,0,0,0,1,0,0,0,0
Masstransfer_turn_on,0,0,0,1,0,0,0,0,0,0,0,0
Mass_with_empty_variable,0,0,0,0,0,0,0,0,0,0,0,0
matrix_solver_RAM_C-II,0,0,0,0,0,0,0,0,0,0,1,0
MBC_dual_test,0,0,0,1,12,1,1,1,2,0,0,0
MBC_test,0,0,0,1,0,2,1,0,2,0,0,0
MBDA_hypersonic,0,0,0,2,0,0,0,0,0,0,1,0
MCD_16_grid,0,0,0,1,0,0,0,0,0,0,1,0
MCD_24deg_SA_OBL,0,0,0,1,0,0,0,0,0,0,1,0
MDO_Gap,0,0,0,1,0,0,0,0,0,0,0,0
MDO_Gap_SP,0,0,0,1,0,0,0,0,0,1,0,2
MDO_Periodic_Lamps,0,0,0,1,0,0,0,0,0,0,0,0
MDO_PointSource_BC_Test,0,0,0,1,0,0,0,0,0,0,0,0
MDO_PointSource_BC_Test_Sp,0,0,0,0,0,0,0,0,0,0,0,0
mebius,0,0,0,1,0,0,0,0,0,0,1,0
melnica_1,0,0,0,1,0,0,0,0,0,0,0,0
melnica_sliding,0,0,0,1,0,0,0,0,0,0,1,0
Memory_overflow,0,0,0,1,0,0,0,0,0,0,1,0
merge_from_KF,0,0,0,1,0,0,0,0,0,0,1,0
mesh_err,0,0,0,1,0,0,0,0,0,0,0,0
MGD_ErrorCheckCell,0,0,0,1,0,0,0,0,0,0,1,0
Mixer,0,0,0,1,0,0,0,0,0,0,0,0
mixer_adaptation_grad_P_fail,0,0,0,1,0,0,0,0,0,0,0,0
Mixer_test_OBL,0,0,0,0,0,0,0,0,0,0,0,0
Mixture,0,0,0,1,0,0,0,0,0,0,1,0
mix_p-grad,0,0,0,1,0,0,0,0,0,0,1,0
model-1_Tini-147C_VizuVectros,0,0,0,1,0,0,0,0,0,0,0,0
model-conj_VoF_30804,0,0,0,1,0,0,0,0,0,0,0,0
model-conj_VoF_30804_Ttop-Q,0,0,0,1,0,0,0,0,0,0,0,0
Modifiers_2ResistanseAnisotropic_Box,0,0,0,1,0,0,0,0,0,0,0,0
Modifiers_Activation_ByStep,0,0,0,1,0,0,0,0,0,0,0,0
Modifiers_Activation_ByTime,0,0,0,1,0,0,0,0,0,0,0,0
Modifiers_Activation_Non,0,0,0,1,0,0,0,0,0,0,0,0
Modifiers_Anisotropic_Resistance_15,0,0,0,1,0,0,0,0,0,0,0,0
Modifiers_Anisotropic_Resistance_45,0,0,0,1,0,0,0,0,0,0,0,0
Modifiers_carcas_ThermalConductivity_Disp_Box45,0,0,0,1,0,0,0,0,0,0,0,0
Modifiers_carcas_ThermalConductivity_Disp_only_continuous_phase,0,0,0,1,0,0,0,0,0,0,0,0
Modifiers_carcas_ThermalConductivity_only_Disp_Box30,0,0,0,1,0,0,0,0,0,0,1,0
Modifiers_carcas_ThermalConductivity_only_Disp_Box45,0,0,0,1,0,0,0,0,0,0,0,0
Modifiers_Force,0,0,0,1,0,0,0,0,0,0,0,0
Modifiers_Force_Box,0,0,0,1,0,0,0,0,0,0,0,0
Modifiers_HeatSourse,0,0,0,1,0,0,0,0,0,0,0,0
Modifiers_HeatSourse_Box,0,0,0,1,0,0,0,0,0,0,1,0
Modifiers_Resistance,0,0,0,1,0,0,0,0,0,0,0,0
Modifiers_ResistanceAnysotropic_FullRegion,0,0,0,1,0,0,0,0,0,0,0,0
Modifiers_Resistance_Anysotripic_3Subs,0,0,0,1,0,0,0,0,0,0,1,0
Modifiers_Resistance_Anysotripic_n_Isotropic,0,0,0,1,0,0,0,0,0,0,0,0
Modifiers_Resistance_Box,0,0,0,1,0,0,0,0,0,0,0,0
Modifiers_SetVar,0,0,0,1,0,0,0,0,0,0,0,0
Modifiers_SetVar_Box,0,0,0,1,0,0,0,0,0,0,0,0
Modifiers_ThermalConductivity_2Modifiers,0,0,0,1,0,0,0,0,0,0,0,0
Modifiers_ThermalConductivity_Box0_5,0,0,0,1,0,0,0,0,0,0,0,0
Modifiers_ThermalConductivity_Box1,0,0,0,1,0,0,0,0,0,0,0,0
Modifiers_ThermalConductivity_Box2,0,0,0,1,0,0,0,0,0,0,0,0
Modifiers_ThermalConductivity_Box45_1,0,0,0,1,0,0,0,0,0,0,0,0
Modifiers_ThermalConductivity_Box45_1_iso,0,0,0,1,0,0,0,0,0,0,0,0
Modifiers_ThermalConductivity_Box45_2,0,0,0,1,0,0,0,0,0,0,0,0
Modifiers_ThermalConductivity_Box45_3_Standart,0,0,0,1,0,0,0,0,0,0,0,0
Modifiers_ThermalConductivity_Box45_3_SteadyState,0,0,0,1,0,0,0,0,0,0,0,0
Modifiers_ThermalConductivity_FullRegion1,0,0,0,1,0,0,0,0,0,0,0,0
Modifiers_ThermalConductivity_FullRegion2,0,0,0,1,0,0,0,0,0,0,0,0
Modifier_2Subregions_1phase,0,0,0,1,0,0,0,0,0,0,0,0
Modifier_HeatSource_repeat_error,0,0,0,0,0,1,0,0,0,0,1,0
motor_grid_test,0,0,0,1,0,0,0,0,0,0,1,0
MovingBox_Fy_2d,0,0,0,1,0,0,0,0,0,0,0,0
MovingBox_ky_2d,0,2,0,1,0,0,0,0,0,0,0,0
MovingBox_Vy_2d,0,0,0,1,0,0,0,0,0,0,0,0
MovingWall,0,0,0,1,0,0,0,0,0,0,0,0
MovingWall_1Phase,0,0,0,1,0,0,1,1,0,0,0,0
MovingWall_1Phase_30,0,0,0,1,0,0,0,0,0,0,0,0
MovingWall_2Phases,0,0,0,1,0,0,0,0,0,0,0,0
MovingWall_2Phases_30,0,0,0,1,0,0,0,0,0,0,0,0
MovingWall_2Phases_3Substances,0,0,0,1,0,0,0,1,0,0,0,0
MovingWall_30,0,0,0,1,1,0,0,0,0,0,0,0
MovingWall_NN_BC,0,1,0,1,0,0,0,0,0,0,0,0
MovingWall_NN_BC_Chemistry,0,0,2,1,0,0,0,0,0,0,0,1
MovingWall_NN_HB,0,0,0,1,0,0,0,0,0,0,0,0
MovingWall_NN_PL,0,0,0,1,0,0,0,0,0,0,0,0
Moving_body_crossing_region_with_model,0,0,0,1,0,0,0,0,0,0,1,0
Moving_body_crossing_TConj,0,0,0,1,0,0,0,0,0,0,0,0
Moving_body_cross_region_without_model,0,0,0,1,0,0,0,0,0,0,1,0
moving_body_insert,0,0,0,1,0,0,0,0,0,0,0,0
NACA0012_3deg,0,0,0,1,0,0,0,0,0,0,1,0
NACA0012_opt,0,0,0,1,0,0,0,0,0,0,1,0
NACA0012_SA_RE5e6_M0_2_0d,0,0,0,0,0,0,0,0,0,0,1,0
NACA0012_SA_RE5e6_M0_2_0d_copy,0,0,0,1,0,0,2,0,0,0,1,0
NACA0012_T_stagation_drho_dp,0,0,0,1,0,0,0,0,0,0,3,0
NACA0012_T_stagnation_f(pt),0,0,0,1,0,0,0,0,0,0,3,0
NACA0012_T_stagnation_table(pt),0,0,0,1,0,0,0,0,0,0,4,3
NACA012_3deg_KES,0,0,0,0,0,0,0,0,0,2,0,0
NACA012_3deg_KES_continue,0,0,0,0,0,0,0,0,0,0,1,0
NACA23012,0,0,0,0,0,0,1,0,0,0,1,0
NACA_10deg_KES_continue,0,0,0,0,0,0,0,0,0,0,1,0
NACA_10deg_SA_continue,0,0,0,0,0,0,0,0,0,0,1,0
NACA_10deg_SA_impl_new_vel_cor,0,0,0,1,0,0,0,0,0,0,1,0
NACA_10deg_SST_continue,0,0,0,0,0,0,0,0,0,0,1,0
NACA_10_deg_SA_OBL_continue,0,0,0,0,0,2,0,0,0,0,1,0
NACA_2_lam_turb_trans_grid,0,0,0,1,0,0,0,0,0,0,0,0
NACA_3deg_KES_continue,0,0,0,0,0,0,0,0,0,0,0,0
NACA_3deg_SA_continue,0,0,0,0,0,0,0,0,0,0,1,0
NACA_3deg_SST_simple_cont,0,0,0,1,0,0,0,0,0,0,1,0
NACA_KEAKN_short,0,0,0,1,0,0,0,0,0,0,1,0
NACA_KEQ_short,0,0,0,1,0,0,0,0,0,0,1,0
NACA_KES_short,0,0,0,1,0,0,0,0,0,0,1,1
NACA_KES_short_smooth_diff_flux_on,0,0,0,1,0,0,0,0,0,0,1,0
NACA_move,0,0,0,1,0,0,0,0,0,0,1,0
NACA_SA_short,0,0,0,1,0,0,0,0,0,0,1,0
NACA_SA_short_grad_with_vel,0,0,0,1,0,0,0,0,0,0,1,0
NACA_SST_short,0,0,0,1,0,0,0,0,0,0,1,0
NACA_trans_3_KES_continue,0,0,0,0,0,0,0,0,0,0,1,0
NACA_trans_3_SA_continue,0,0,0,1,0,0,0,0,0,0,1,0
NACA_trans_3_short_OBL,0,0,0,1,0,0,0,0,0,0,1,0
NACA_trans_3_SST_continue,0,0,0,0,0,0,0,0,0,0,1,0
NASA_stage37,0,0,0,0,0,0,0,0,0,0,1,0
NASA_stage37_autotest_copy,0,5,0,1,0,0,0,0,0,0,1,1
NASA_stage37_KES_Autorotation,0,0,0,0,0,0,0,0,0,0,1,1
NASA_stage37_skew,0,0,0,1,0,1,0,0,0,0,1,0
NaturConvect_2Spheres_S_Ra125,0,0,0,1,0,0,0,0,0,0,1,0
NaturConvect_2Spheres_S_Ra1e4,0,0,0,1,0,0,0,0,0,0,1,0
NaturConvect_2Spheres_S_Ra5e6,0,0,0,1,7,0,0,0,0,0,1,0
NaturConvect_RelayBenar_Ra3e5,1,0,1,1,0,0,0,0,1,0,1,0
NaturConvect_RelayBenar_Ra7e2,0,0,0,1,0,0,0,0,0,0,1,0
NaturConvect_RelayBenar_Ra7e3,0,0,0,1,0,0,0,0,0,0,1,0
NaturConvect_VertCavity_Ra200,0,0,0,1,0,0,0,0,0,0,1,0
NaturConvect_VertCavity_Ra5e4,0,0,0,1,0,0,0,0,0,0,1,0
NaturConvect_VertCavity_Ra5e6,0,0,0,1,0,0,0,0,0,0,1,0
NaturConvect_VertCavity_Ra5e6_KEAKN_contin,0,0,0,0,0,0,0,0,0,0,1,0
NaturConvect_VertCavity_Ra5e6_KEFV,0,0,0,1,7,0,0,0,0,0,1,0
NaturConvect_VertCavity_Ra5e6_KEQ,0,0,0,1,0,0,0,0,0,0,1,0
NaturConvect_VertCavity_Ra5e6_SA,0,0,0,1,0,0,0,0,0,0,1,0
NaturConvect_VertCavity_Ra5e6_SST,0,0,0,1,0,0,0,0,0,0,1,1
Natur_Convect,0,0,0,1,0,1,0,0,0,0,1,0
Natur_Convert_skew,0,0,0,1,0,0,0,0,0,0,1,0
NCV_setka_11_G07_2,0,0,0,0,0,0,0,0,0,0,1,1
neo_low_res,0,0,0,1,0,0,0,0,0,0,1,0
NewScheme_test,0,0,0,1,0,0,0,0,0,0,0,0
New_Scheme_Test5_1d,0,0,0,1,0,0,0,0,0,0,1,0
NN_MPI_fall,0,0,0,1,0,0,0,0,0,0,0,0
nokia_test_111,0,0,0,1,0,0,0,0,0,0,1,0
Nonreflect,0,0,0,1,0,0,0,0,0,0,1,0
Nonreflection,0,0,0,1,0,0,0,0,0,0,0,0
Nonreflect_BC,0,0,0,1,0,0,0,0,0,0,1,0
NormalShock,0,0,0,1,0,0,0,0,0,0,2,0
NormalVarTest,0,0,0,1,0,0,0,0,0,0,0,0
Nozzle,0,0,0,0,0,0,0,0,0,0,1,0
nozzle40-70-conv,0,0,0,1,0,0,0,0,0,0,1,0
Nozzle_fuel_on_nonreflective_boundary,0,0,0,1,0,0,0,0,0,0,1,1
Nozzle_h,0,0,0,1,0,0,1,0,0,0,1,0
Nozzle_Subsonic,0,0,0,1,0,0,0,0,0,0,1,0
Nozzle_Supersonic,0,0,0,1,0,0,0,0,0,0,1,0
nozzle_test0_VOF,0,0,0,1,0,0,0,0,0,0,1,1
Nozzle_Transsonic,0,0,0,1,0,0,0,0,0,0,1,0
Nozzle_Transsonic_density_function,0,0,0,1,0,0,0,0,0,0,3,0
Nozzle_Transsonic_table_density,0,0,0,1,0,0,0,0,0,0,0,0
No_Rotation_with_0_moments,0,0,0,1,0,0,0,0,0,0,1,0
Nu_avg_mass_mixture,0,0,0,1,0,0,0,0,0,0,0,0
Nu_avg_mol_mixture,0,0,0,1,0,0,0,0,0,0,0,0
Nu_Wilke_avg_mixture,0,0,0,1,0,0,0,0,0,0,0,0
OBL_1_mpi,0,0,0,0,0,0,0,0,0,0,1,0
OBL_ball_test,0,0,0,1,0,0,0,0,0,0,0,0
OBL_boat_continue,0,0,0,0,0,0,0,0,0,0,0,0
obl_build_error,0,0,0,0,0,0,0,0,0,0,0,0
obl_build_error_2,0,0,0,0,0,0,0,0,0,0,0,0
obl_build_error_3,0,0,0,0,0,0,0,0,0,0,0,0
obl_build_error_4,0,0,0,0,0,0,0,0,0,0,1,6
OBL_continue,0,0,0,0,0,0,1,1,0,0,0,0
OBL_RAE_Start_Stop,0,0,0,1,0,0,0,0,0,0,1,0
OBL_turb_model_change,0,1,1,1,3,1,0,2,0,0,1,0
OBL_VectorLayer_Err,0,0,0,0,0,0,0,0,0,0,1,0
OBL_vectors,0,0,0,1,0,0,0,0,0,0,1,0
Oil,0,0,0,1,0,1,1,1,0,0,0,0
ONERA_OBL,0,0,0,1,0,0,0,0,0,0,1,0
OneValveCSE_Error,0,0,0,1,0,2,1,0,9,0,7,0
OneValveCSE_mapping_Loads,0,0,1,1,0,2,1,0,2,0,5,0
open_space_3r,0,0,0,1,0,0,0,0,0,0,1,0
open_space_3r_more_52Modifiers,0,0,0,1,0,0,0,0,0,0,1,0
Oscillating_Lid_Re_1000_w_01pi,0,0,0,0,0,0,0,0,0,0,0,0
Oscillating_Lid_Re_1000_w_pi,0,0,0,0,0,0,0,0,0,0,0,0
Oscillating_Lid_Re_500_w_01pi,0,0,0,0,0,0,0,0,0,0,0,0
Oscillating_Lid_Re_500_w_pi,0,0,0,0,0,0,0,0,0,0,0,0
Outlet,0,0,0,1,0,0,0,0,0,0,0,0
Outlet_fixed_vel,0,0,0,1,0,0,0,0,0,0,0,0
Outlet_in_and_out_Temp_Char,0,0,0,1,0,0,0,0,0,0,0,0
Outlet_mass_velocity,0,0,0,1,0,0,0,0,0,0,0,0
Outlet_mass_velocity_Temp_Char,0,0,0,1,0,0,0,0,0,0,0,0
Outlet_propous,0,0,0,1,0,0,0,0,0,0,0,0
Outlet_Temp_Char,0,0,0,1,0,0,0,0,0,0,0,0
o_s_Test3,0,0,0,1,0,0,0,0,0,0,0,0
o_s_Test3_skew,0,0,0,1,0,0,0,0,0,0,0,0
p0_lam_tube,0,0,0,1,0,0,0,0,0,0,0,0
P6_Hydroturbine,0,0,0,0,0,0,0,0,0,0,0,0
part2_2paral,0,0,0,1,0,0,0,0,0,0,0,0
part2_adp,0,0,0,1,0,0,0,0,0,0,0,0
part2_box_rasadapt_movingbody,0,0,0,1,0,0,0,0,0,0,0,0
part2_impobjadp,0,0,0,1,0,0,0,0,0,0,0,0
part2_impobjrasadapt_movingbody,0,0,0,1,0,0,0,0,0,0,0,0
part2_impobj_doadapt,0,0,0,1,0,0,0,0,0,0,0,0
part2_impobj_surfadapt,0,0,0,1,0,0,0,0,0,0,0,0
part2_lra_pra_iora,0,0,0,1,0,0,0,0,0,0,0,0
part2_lra_pra_mb,0,0,0,1,0,0,0,0,0,0,0,0
part2_lsa_psa_iosa_bsa_mb,0,0,0,1,0,0,0,0,0,0,0,0
part2_lsra_psra_bsra_iosra_mb,0,0,0,1,0,0,0,0,0,0,0,0
part2_rasadp,0,0,0,1,0,0,0,0,0,0,0,0
part2_sa_ba_ioa_mb,0,0,0,1,0,0,0,0,0,0,0,0
part2_sa_pa_la,0,0,0,1,0,0,0,0,0,0,0,0
part2_sra_bsra_iosra,0,0,0,0,0,0,0,0,0,0,0,0
part2_surfadapt,0,0,0,1,0,0,0,0,0,0,0,0
ParticleError,0,0,0,1,0,0,1,0,0,0,1,3
ParticlesBox_Cd_model1,0,0,0,1,0,0,0,0,0,0,0,0
ParticlesBox_Cd_model1_d_1e-7_Expl,1,1,0,1,0,0,0,0,0,0,1,0
ParticlesBox_Cd_model1_skew,0,0,0,1,0,0,0,0,0,0,0,0
ParticlesBox_Cd_model2,0,0,0,1,0,0,0,0,0,0,0,0
ParticlesBox_Cd_model3,0,0,0,1,0,0,0,0,0,0,0,0
ParticlesBox_Cd_model3_Re_more_1000,0,0,0,1,0,0,0,0,0,0,0,0
ParticlesBox_Cd_model4,0,0,0,1,0,0,0,0,0,0,0,0
ParticlesBox_Cd_model5,0,0,0,1,0,0,0,0,0,0,0,0
ParticlesBox_g_Implicit_new,0,0,0,1,0,0,0,0,0,0,1,0
ParticlesBox_Nu1_and_heattrasfer_coeff,0,0,0,1,0,0,0,0,0,0,2,1
ParticlesBox_Nu2_and_heattrasfer_coeff,0,0,0,1,0,0,0,0,0,0,2,1
ParticlesBox_Nu_model1,0,0,0,1,0,0,0,0,0,0,0,0
ParticlesBox_Nu_model2,0,0,0,1,0,0,0,0,0,0,0,0
ParticlesBox_V_Explicit_new,0,0,0,1,0,0,0,0,0,0,1,0
ParticlesBox_V_Explicit_new_2nd_order,0,0,0,1,0,0,0,0,0,0,1,0
ParticlesBox_V_Implicit_2nd_order_KEAKN,1,0,0,1,0,0,0,0,0,0,2,0
ParticlesBox_V_Implicit_2nd_order_KEFV,1,0,0,1,0,0,0,0,0,0,2,0
ParticlesBox_V_implicit_2nd_order_KEQ,1,0,0,1,0,0,0,0,0,0,2,0
ParticlesBox_V_Implicit_2nd_order_KES,1,0,0,1,0,0,0,0,0,0,2,0
ParticlesBox_V_Implicit_2nd_order_SA,1,0,0,1,0,0,0,0,0,0,2,0
ParticlesBox_V_Implicit_2nd_order_SST,1,0,0,1,0,0,0,0,0,0,2,0
ParticlesBox_V_Implicit_new,0,0,0,1,0,0,0,0,0,0,1,0
ParticlesBox_V_Implicit_new_2nd_order,0,0,0,1,0,0,0,0,0,0,2,0
ParticlesBox_V_Implisit_2nd_order_Sm,1,0,0,1,0,0,0,0,0,0,2,0
Particles_moving_body,0,0,0,1,0,0,0,0,0,0,1,0
Particles_moving_body_skew,0,0,0,1,0,0,0,0,0,0,1,0
Particles_moving_with_fluid_balance,0,0,0,1,0,0,0,0,0,0,0,0
Particles_on_permeable_symmetry,0,0,0,1,0,0,0,0,0,0,1,0
Particles_on_permeable_wall,0,0,0,1,0,0,0,0,0,0,1,0
Particles_on_permeable_wall_decay,0,0,0,1,0,0,0,0,0,0,1,0
Particles_on_symmetry,0,0,0,1,0,0,0,0,0,0,1,0
Particles_on_symmetry_decay,0,0,0,1,0,0,0,0,0,0,1,0
Particles_on_Wall,0,0,0,1,0,0,0,0,0,0,1,0
Particles_on_Wall_Ablation,0,0,0,1,0,0,0,0,0,0,1,0
Particles_on_Wall_Ablation_decay,0,0,0,1,0,0,0,0,0,0,1,0
Particles_on_Wall_decay,0,0,0,1,0,0,0,0,0,0,1,0
Particles_on_Wall_skew,0,0,0,1,0,0,0,0,0,0,1,0
Particles_vapor_Sh1_F1,0,0,0,1,0,0,0,0,0,4,4,0
Particles_vapor_Sh1_F1_diff_vel,0,0,0,1,0,0,0,0,0,0,1,2
Particles_vapor_Sh1_F1_equiliprium,0,0,0,1,0,1,1,0,0,3,5,0
Particles_vapor_Sh1_F2,0,0,0,1,0,0,0,0,0,3,5,0
Particles_vapor_Sh1_F2_equilibrium,0,0,0,1,0,1,1,0,0,4,4,0
Particles_vapor_Sh1_F3,0,0,0,1,0,0,0,0,0,4,4,0
Particles_vapor_Sh1_F3_equilibrium,0,0,0,1,0,1,1,0,0,3,5,0
Particles_vapor_Sh1_F4,0,0,0,1,0,0,0,0,0,3,5,0
Particles_vapor_Sh1_F4_equilibrium,0,0,0,1,0,1,1,0,0,4,4,0
Particles_vapor_Sh1_F5,0,0,0,1,0,0,0,0,0,4,4,0
Particles_vapor_Sh1_F5_equilibrium,0,0,0,1,0,1,1,0,0,4,4,0
Particles_vapor_Sh2_F1,0,0,0,1,0,0,0,0,0,3,5,0
Particles_vapor_Sh2_F1_diff_vel,0,0,0,1,0,0,0,0,0,0,0,0
Particles_vapor_Sh2_F2,0,0,0,1,0,0,0,0,0,3,5,0
Particles_vapor_Sh2_F3,0,0,0,1,0,0,0,0,0,3,5,0
Particles_vapor_Sh2_F4,0,0,0,1,0,0,0,0,0,3,5,0
Particles_vapor_Sh2_F5,0,0,0,1,0,0,0,0,0,3,5,0
Particles_V_45_implicit_new,0,0,0,1,0,0,0,0,0,0,1,0
Particles_with_Cd_on_wall,0,0,0,1,0,0,1,0,0,0,1,0
Pendulum,0,4,0,1,0,0,0,0,0,0,0,0
Penundulum_g,0,4,0,1,0,0,0,0,0,0,1,0
Periodic_and_dispersed,0,0,0,1,0,0,1,0,0,0,1,3
Periodic_and_dispersed_decay,0,0,0,1,0,0,1,0,0,0,1,0
periodic_fall,0,0,0,1,0,0,0,0,0,0,0,0
Periodic_Liquid,0,0,0,1,0,0,0,0,0,2,6,0
Periodic_load,0,0,0,0,0,0,0,1,0,0,0,0
Periodic_MB_DP_0,0,0,0,1,0,0,0,0,0,0,1,0
Periodic_MB_DP_1000,0,0,0,1,0,0,0,0,0,2,1,0
Periodic_no_fall,0,0,0,1,0,0,0,0,0,0,1,0
Periodic_OBL_liquid,0,2,0,1,0,0,0,0,0,0,1,8
Periodic_Solid,0,0,0,1,0,0,0,1,0,0,0,0
pine_full_conjugation,0,0,0,2,7,1,2,1,2,2,7,0
pine_Tl_conjugation,0,0,0,2,7,1,2,1,2,2,1,0
pipe_water_air,0,0,0,0,0,0,0,0,0,0,4,0
Piston_V1,0,0,1,1,0,0,0,0,0,0,1,0
Piston_V1_h,0,0,0,1,0,0,0,0,0,0,1,0
Piston_V1_isoterm,0,0,0,1,0,0,0,0,0,0,1,0
Piston_V1_thin,0,0,0,1,0,0,0,0,0,0,1,0
Piston_V1_thin_h,0,0,0,1,0,0,0,0,0,0,1,0
Piston_V1_thin_inclined,0,0,0,1,0,0,0,0,0,0,1,0
planes-conj_RHT_lambda-2,0,0,0,1,0,0,0,0,0,0,0,0
planes_RHT,0,0,0,1,0,0,0,0,0,0,0,0
planes_RHT_a-0-1,0,0,0,1,0,0,0,0,0,0,0,0
planes_RHT_a-2,0,0,0,1,0,0,0,0,0,0,0,0
planes_RHT_lambda-2,0,0,0,1,0,0,0,0,0,0,0,0
planes_RHT_lambda,0,0,0,1,0,0,0,0,0,0,0,0
planes_RHT_lambda_z-less,0,0,0,1,0,0,0,0,0,0,0,0
planes_RHT_lambda_z-less_a-10,0,0,0,1,0,0,0,0,0,0,0,0
planes_RHT_lambda_z-less_a-10_eps-0-1,0,0,0,1,0,0,0,0,0,0,0,0
planes_RHT_lambda_z-less_a-10_eps-0-5,0,0,0,1,0,0,0,0,0,0,0,0
planes_test-Zigel_N-0-01,0,0,0,1,0,0,0,0,0,0,0,0
planes_test-Zigel_N-0-1,0,0,0,1,0,0,0,0,0,0,0,0
planes_test-Zigel_N-0,0,0,0,1,0,0,0,0,0,0,0,0
planes_test-Zigel_N-1,0,0,0,1,0,0,0,0,0,0,0,0
Plate,0,0,0,1,0,0,0,0,0,0,0,0
PlateChannel,0,0,0,1,0,0,0,0,0,0,0,0
PlateChannel_45,0,0,0,1,0,0,0,0,0,0,0,0
PlateChannel_45_Gap,0,0,0,1,0,0,0,0,0,0,0,0
PlateChannel_Ablation_wall,0,0,0,1,0,0,0,0,0,0,0,0
PlateChannel_Ablation_wall2,0,0,0,1,0,0,0,0,0,0,0,0
PlateChannel_Gap,0,0,0,1,0,0,0,0,0,0,0,0
PlateValve_2por,0,0,0,1,0,0,0,0,0,0,0,0
PlateValve_Grid,0,0,0,1,0,0,0,0,0,0,0,0
Plate_Channel_big_viscosity,0,0,0,1,0,0,0,0,0,0,0,0
Plate_IniVelocity,0,0,0,1,0,0,0,0,0,1,0,0
Plate_IniVel_mb,0,0,0,1,0,0,0,0,0,1,0,0
Plate_Lam_15,0,0,0,1,0,0,0,0,0,0,0,1
Plate_Lam_2por,0,0,0,1,0,0,0,0,0,0,0,0
Plate_lam_conj_1,0,0,0,1,0,0,0,0,0,0,0,0
Plate_Lam_M06,0,0,0,1,0,0,0,0,0,0,1,0
Plate_Lam_M06_vector_Shear_stress,0,0,0,1,0,0,0,0,0,0,1,0
Plate_Lam_M3,0,0,0,1,0,0,0,0,0,0,1,0
Plate_Lam_OBL,0,0,0,1,0,0,0,0,0,1,0,0
Plate_Lam_OBL_15,0,0,0,1,0,0,0,0,0,1,0,0
Plate_Lam_sin,0,0,0,1,0,0,0,0,0,0,0,0
Plate_NaturConvect,0,0,0,1,0,0,0,0,0,0,1,0
Plate_Turb_k-e,0,0,0,1,0,0,0,0,0,0,0,0
Plate_Turb_k-e_OBL,0,0,0,1,0,0,0,0,0,0,0,1
Plate_Turb_k-e_OBL_bradshaw,0,0,0,1,0,0,0,0,0,1,0,0
Plate_Turb_K-E_prPe_05,0,0,0,1,0,0,0,0,0,0,0,0
Plate_Turb_k-e_variation_of_properties,0,0,0,1,0,0,0,0,0,0,0,0
Plate_Turb_KEAKN,0,0,0,1,0,0,0,0,0,0,0,0
Plate_Turb_KEAKN_15deg,0,0,0,1,0,0,0,0,0,0,0,0
Plate_Turb_KEAKN_15deg_smooth,0,0,0,1,0,0,0,0,0,0,0,0
Plate_Turb_KEAKN_OBL,0,0,0,1,0,0,0,0,0,0,0,0
Plate_Turb_KEFV,0,0,0,1,0,0,0,0,0,0,0,0
Plate_Turb_KEQ,0,0,0,1,0,0,0,0,0,0,0,0
Plate_Turb_KEQ_15deg,0,0,0,1,0,0,0,0,0,0,0,0
Plate_Turb_KEQ_15deg_smooth,0,0,0,1,0,0,0,0,0,0,0,0
Plate_Turb_KEQ_adaptation,0,0,0,1,0,0,0,0,0,0,0,0
Plate_Turb_KEQ_OBL,0,0,0,1,0,0,0,0,0,0,0,0
Plate_Turb_ke_15deg,0,0,0,1,0,0,0,0,0,0,0,0
Plate_Turb_ke_15deg_smooth,0,0,0,1,0,0,0,0,0,0,0,0
Plate_Turb_KOLOKOL,0,0,0,0,0,0,0,0,0,0,0,0
Plate_Turb_M06_KEAKN,0,0,0,1,0,0,0,0,0,0,1,0
Plate_Turb_M06_KEAKN_bradshaw,0,0,0,1,0,0,0,0,0,0,1,0
Plate_Turb_M06_KEAKN_skew,0,0,0,1,0,0,0,0,1,0,1,1
Plate_Turb_M06_KEQ,0,0,0,1,0,0,0,0,0,0,1,0
Plate_Turb_M06_KEQ_bradshaw,0,0,0,1,0,0,0,0,0,0,1,0
Plate_Turb_M06_KES,0,0,0,1,0,0,0,0,0,0,1,0
Plate_Turb_M06_KES_bradshaw,0,0,0,1,0,0,0,0,0,0,1,0
Plate_Turb_M06_KES_Sheare_stress_vector,0,0,0,0,0,0,0,0,0,0,1,0
Plate_Turb_M06_SA,0,0,0,1,0,0,0,0,0,0,1,0
Plate_Turb_M06_SST,0,0,0,1,0,0,0,0,0,0,1,1
Plate_Turb_M3_KEAKN,0,0,0,1,1,0,0,0,0,0,1,0
Plate_Turb_M3_KEQ,0,0,0,1,0,0,0,0,0,0,1,0
Plate_Turb_M3_KES,0,0,0,1,0,0,0,0,0,0,1,0
Plate_Turb_M3_SA,0,0,0,1,0,0,0,0,0,0,1,0
Plate_Turb_M3_SST,0,0,0,1,0,0,0,0,0,0,1,0
Plate_Turb_SA,0,0,0,1,0,0,0,0,0,0,0,0
Plate_Turb_SA_15deg,0,0,0,1,0,0,0,0,0,0,0,0
Plate_Turb_SA_15deg_smooth,0,0,0,1,0,0,0,0,0,0,0,0
Plate_Turb_SA_adaptation,0,0,0,1,0,0,0,0,0,0,0,0
Plate_Turb_SA_OBL,0,0,0,1,0,0,0,0,0,0,0,0
Plate_Turb_SST,0,0,0,1,0,0,0,0,0,0,0,0
Plate_Turb_SST_15deg,0,0,0,1,0,0,0,0,0,0,0,0
Plate_Turb_SST_15deg_smooth,0,0,0,1,0,0,0,0,0,0,0,0
Plate_Turb_SST_adaptation,0,0,0,1,0,0,0,0,0,0,0,0
Plate_Turb_SST_OBL,0,0,0,1,0,0,0,0,0,1,0,0
Polinom_gas_Blottner1,0,0,0,1,0,0,0,0,0,0,0,0
Polinom_gas_T200,0,0,0,1,0,0,0,0,0,0,0,0
Polinom_liquid_T200,0,0,0,1,0,0,0,0,0,0,0,0
Polinom_solid_T200,0,0,0,1,0,0,0,0,0,0,0,0
PrandtlMayer,0,0,0,1,0,0,0,0,0,0,1,0
Preiodic_Massflowcons,0,0,0,1,0,0,1,0,0,0,0,0
Pressure_on_porous_surface,0,0,0,1,0,0,0,0,0,0,0,0
Press_Center,0,0,0,1,0,0,0,0,0,0,1,0
PrismTube_360,0,0,0,1,0,0,0,0,0,0,0,0
Probksup2test,0,0,0,0,0,0,0,0,0,0,0,0
propeller_1,0,0,0,1,0,0,0,0,0,0,0,0
Properties_particles_base,0,0,0,1,0,0,1,0,0,0,1,0
Properties_particles_Cp_table,0,0,0,1,0,0,1,0,0,0,1,0
Properties_particles_Rho_formula,0,0,0,1,0,0,1,0,0,0,1,0
Properties_particles_Rho_table,0,0,0,1,0,0,1,0,0,0,1,0
Properties_polinim_enthalpy1,0,0,0,1,0,0,0,0,0,0,0,0
Properties_polinom_enthalpy,0,0,0,1,0,0,0,0,0,0,0,0
Properties_polinom_enthalpy2,0,0,0,1,0,0,0,0,0,0,0,0
ptest_2d,0,0,0,0,0,0,0,1,0,0,0,0
p_6-10-3_7smLt_Compressible,0,0,0,1,0,0,0,0,0,0,1,0
P_full_on_BC_error,0,0,0,2,0,0,0,0,0,0,0,0
Q-criterion1,0,0,0,1,0,0,0,0,0,0,0,0
Q-criterion2,0,0,0,1,0,0,0,0,0,0,0,0
qq__test0_2D_polydisp_Vd-in-mass,0,0,0,0,0,0,0,0,3,3,0,0
Radiation,0,0,0,1,0,0,0,0,0,0,0,0
RadiationHeat_DO,0,0,0,1,0,0,0,0,0,0,0,0
RadiationHeat_DO_SP,0,0,0,1,0,0,0,0,0,0,0,0
Radiation_D0,0,0,0,1,0,0,0,0,0,0,0,0
radiation_densety_graph,0,0,0,1,0,0,0,0,0,0,0,0
Radiation_DO_SP,0,0,0,1,0,0,0,0,0,0,0,0
Radiation_equlibrium_no_radiation_model,0,0,0,1,0,0,0,0,0,0,0,0
Radiation_equlibrium_optic_thin,0,0,0,1,0,0,0,0,0,0,0,0
Radiation_equlibrium_with_T_inf,0,0,0,1,0,0,0,0,0,0,0,0
radiation_lambda309,0,0,0,1,0,0,0,0,0,0,1,0
radiation_lambda309_skew,0,0,0,1,0,0,0,0,0,0,1,0
Radiation_steady_state,0,0,0,0,0,0,0,0,0,0,0,0
Rad_energy_flux,0,0,0,1,0,0,0,0,0,0,0,0
RAE_2822,0,0,0,0,0,0,0,0,0,0,1,0
rae_5deg_vsplesk,0,0,0,1,0,0,0,0,0,0,1,5
RAE_adapt_to_solution,0,0,0,1,0,0,0,0,0,0,1,0
rae_for_test,0,0,0,0,0,0,0,0,0,0,1,0
Random_function,0,1,0,1,0,0,0,0,0,0,0,0
RealGasMachTest,0,0,0,1,0,0,0,0,0,0,0,0
Recombination_N2_5000,0,0,0,1,0,0,0,0,0,0,1,0
Recombination_N2_5000_elements1,0,0,1,1,0,0,0,0,0,0,1,0
Recombination_N2_5000_matrix_solver,0,0,0,1,0,0,0,0,0,0,1,0
Reference_values,0,0,0,1,0,0,0,0,0,0,0,0
Replacing_MPI_Error,0,0,0,0,0,0,0,0,0,0,0,0
resistance_darcy,0,0,0,0,0,0,0,0,0,0,0,0
Restart_in_the_new_mode,0,0,0,1,0,0,0,0,0,0,0,0
Ring_adapt,0,0,0,1,0,0,0,0,0,0,0,0
Ring_Rotation_Axial_Moving,0,0,0,0,0,0,0,0,0,0,0,0
RJ3557_vel80_andreev,0,0,0,1,0,0,0,0,0,0,1,0
rkk-simplest,0,0,0,1,0,0,0,0,0,0,1,0
RKK17_RErr,0,0,0,0,0,0,0,0,0,0,1,0
RKK_grid_test,0,0,0,1,0,0,0,0,0,0,0,0
RKK_volna,0,0,0,0,0,0,0,0,0,0,0,0
rod,0,0,0,1,0,0,0,0,0,0,0,0
Rotate_test_grid,0,0,0,1,0,0,0,0,0,0,1,0
RotatingBulk_InFlow,0,0,0,1,0,0,0,1,1,0,0,0
RotatingBulk_Mz_2d,0,0,0,1,0,0,0,0,0,0,0,0
RotatingBulk_w_2d,0,0,0,1,0,0,0,0,0,0,0,0
rotation_1,0,0,0,1,0,0,0,0,0,0,0,0
RotCyl_Int,0,0,0,1,0,0,0,0,0,0,0,0
RotCyl_Int_Periodic,0,0,0,1,0,0,0,0,0,0,0,0
Rotor,0,0,0,1,0,0,0,0,0,0,0,1
RotorSector,0,0,0,1,0,0,0,0,0,0,1,0
RotorSector_load,0,0,0,0,0,0,0,0,0,0,0,0
RotorStator,0,0,0,1,0,0,0,0,0,0,1,0
RotorStator_continue,0,0,0,1,0,0,0,0,0,0,1,0
RotorStator_peregruppirovka,0,0,0,0,0,0,0,0,0,0,1,0
RotorStator_ShearStress,0,0,0,1,0,0,0,0,0,0,1,0
Rotor_Peak_1_mb,0,0,0,0,0,0,0,0,0,0,0,0
Rotor_sector_Shear_stress,0,0,0,1,0,0,0,0,0,0,1,0
Rotor_Stator_frozen,0,0,0,1,0,0,0,0,0,0,1,0
Rotor_Stator_frozen_skew,0,0,0,1,0,0,0,0,0,0,1,0
Rotor_Stator_OBL,0,0,0,1,0,0,0,0,0,0,1,0
Rot_adapt,0,0,0,0,0,0,0,0,0,0,1,0
Rot_Cyl_Garmonica,0,0,0,1,0,0,0,0,0,0,0,0
Rot_Cyl_Int_formula,0,0,0,1,0,0,0,0,0,0,0,0
Rot_of_variable,0,0,0,1,0,0,0,0,0,0,0,0
Rot_of_variable2,0,0,0,1,0,0,0,0,0,0,0,0
Rot_of_variable_VI,0,0,0,1,0,0,0,0,0,0,0,0
Rot_of_Variable_VI2,0,0,0,1,0,0,0,0,0,0,0,0
Rubber_Extruder_2D,0,0,0,0,0,0,0,0,0,0,0,0
Rubber_extruder_2D_2Phases,0,0,0,0,0,0,0,0,0,0,0,0
Rubber_Extruder_GY_3D,0,0,0,1,0,0,0,0,0,0,0,0
Rubber_Extruder_Kenda_good,0,0,0,0,0,1,0,0,1,0,0,0
Rubber_Mixer_Bird-Carreau_Law,0,0,0,1,0,0,0,0,0,0,0,0
Rubber_Mixer_Herschel-Bulkley_Law,0,0,0,2,0,0,0,0,0,0,0,0
Rubber_Mixer_Power_Law,0,0,0,1,0,0,0,0,0,0,0,0
Ruber_Mixer_BC_f(mu_Cp),0,0,0,1,0,0,0,0,0,0,0,0
S-criterion0,0,0,0,1,0,0,0,0,0,0,0,0
S-criterion1,0,0,0,1,0,0,0,0,0,0,0,0
S-criterion2,0,0,0,1,0,0,0,0,0,0,0,0
S-criterion3,0,0,0,1,0,0,0,0,0,0,0,0
S-criterion_second_degree,0,0,0,1,0,0,0,0,0,0,0,0
SandAndWaterVOF,0,0,0,1,0,0,0,0,0,0,1,0
SaveAuto,0,0,0,1,0,0,0,0,0,0,0,0
SaveByIter,0,0,0,1,0,0,0,0,0,0,0,0
SaveByIter0,0,0,0,1,0,0,0,0,0,0,0,0
SaveByIter1,0,0,0,1,0,0,0,0,0,0,0,0
SaveByTime,0,0,0,1,0,0,0,0,0,0,0,0
SaveByTime0,0,0,0,1,0,0,0,0,0,0,0,0
SaveByTime200,0,0,0,1,0,0,0,0,0,0,0,0
SaveHistory,0,0,0,1,0,0,0,0,0,0,0,0
Sa_Ljulka_blade,0,0,0,1,0,0,0,0,0,0,1,0
SCTB_5_gr1,0,0,0,1,0,0,0,0,0,0,1,0
sector-2d_test,0,0,1,1,0,0,0,0,0,0,0,0
Sector_dispersed_crash,0,0,0,1,0,0,0,0,0,0,1,0
Sector_sliding_shear_stress,0,0,0,1,0,0,0,0,0,0,1,0
Sektor1_T_conv,0,0,0,1,0,0,0,0,0,0,0,0
Sektor_GDT_01,0,0,0,1,0,0,0,0,0,0,0,0
sektor_ulitka_MaxGauss,0,0,0,1,0,0,0,0,0,0,1,1
sektor_ulitka_Max_Velocity,0,0,0,1,0,0,1,0,0,0,1,1
Sensors_charac_noparam,0,0,0,1,0,0,0,0,0,0,1,0
Sensors_moving_test,0,2,0,1,0,0,0,0,0,0,0,0
Sensors_test,0,0,0,1,0,0,0,0,0,0,0,0
SeparatedJet,0,0,0,1,0,0,0,1,0,0,0,0
SeparatedJet_skew,0,0,0,0,0,0,0,0,0,0,0,0
setka_7_adapt,0,0,0,1,0,0,0,0,0,0,1,0
Shear_stress_vector_conj,0,0,0,1,0,0,0,0,0,0,0,1
Shell,0,0,0,1,0,0,0,0,0,0,1,0
ship_propeller,0,0,0,1,0,0,0,0,0,0,0,0
SimpleJet_2d,0,0,0,1,0,0,0,1,0,0,0,0
SimpleJet_2d_45,0,0,0,1,0,0,0,1,0,0,0,0
SimpleJet_2d_Turb,0,0,0,1,0,0,0,1,0,0,0,0
SimpleJet_3d,0,0,0,1,0,0,0,1,0,0,0,0
SimpleJet_3d_45,0,0,0,1,0,0,0,1,0,0,0,0
sinus_BC,0,0,0,1,0,0,0,0,0,0,0,0
sinus_BC_newVS,0,0,0,1,0,0,0,0,0,0,0,0
sinus_IniValue,0,0,0,1,0,0,0,0,0,0,0,0
sinus_TimeStep,0,0,0,1,0,0,0,0,0,0,0,0
sinus_UserValue,0,0,0,1,0,0,0,0,0,0,0,0
sinus_UserValue_PostProcessor,0,0,0,1,0,0,0,0,0,0,0,0
Slide_easy,0,0,0,1,0,0,0,0,0,0,1,0
Slide_easy_frozen,0,0,0,1,0,0,0,0,0,0,1,0
Slide_TSR_2_15_OBL,0,0,0,0,0,0,0,0,0,0,1,0
sliding-changed-mach-model,0,0,0,0,0,0,0,0,0,2,2,0
Sliding_2D,0,0,0,1,0,0,0,0,0,0,3,1
Sliding_const_vel,0,0,0,1,0,0,0,0,0,0,1,0
Sliding_Dispersed_InletPhaseVolume,0,0,0,1,0,0,0,0,0,0,1,0
Sliding_Dispersed_InstantPhaseVolume,0,0,0,1,0,0,1,0,2,0,1,0
Sliding_Liquid,0,0,0,1,0,0,0,0,0,0,0,0
Sliding_Liquid_Cong_frozen,0,0,0,1,7,0,0,0,0,0,0,0
Sliding_Liquid_frozen,0,0,0,1,0,0,0,0,0,0,0,0
Sliding_Liquin_Cong,0,0,0,1,7,0,0,0,0,0,0,0
sliding_load,0,0,0,0,0,0,0,0,0,0,1,0
Sliding_Solid,0,0,0,1,0,0,3,1,1,0,1,0
Sliding_Solid_frozen,0,0,0,1,0,0,0,1,0,0,1,0
Small_Cells_2phase,0,0,0,1,0,0,0,0,0,0,1,0
Smart_air_entrapment_test12_err,0,0,0,0,0,1,0,0,0,0,1,0
Smoothing_of_diffusion_flows,0,0,0,0,0,0,0,0,0,0,1,0
Smooth_diff_fluxes_on,0,0,0,1,0,0,0,0,0,0,0,0
solid-gas,0,0,0,1,0,0,0,0,0,0,0,0
solid-gas_a-0,0,0,0,1,0,0,0,0,0,0,0,0
solid-gas_Jw-conj,0,0,0,1,0,0,0,0,0,1,18,12
solid-gas_no-rad,0,0,0,1,0,0,0,0,0,0,0,0
Sphere,0,2,0,0,0,0,0,0,0,0,1,0
SphereM11,0,0,0,1,1,0,0,0,0,0,1,0
SphereM11_OBL,0,0,0,1,0,0,0,0,0,0,1,0
Sphere_in_water_wall,0,0,0,1,0,0,0,0,0,0,0,0
spiral_cyl,0,0,0,1,0,0,0,0,0,0,0,0
SSJSSTERR,0,0,0,1,0,0,0,0,0,0,1,0
SST_explicit_err,0,0,0,1,0,0,0,0,0,0,1,0
SS_STARTSOLVE_3_OBL,0,0,0,1,0,0,0,0,0,0,1,0
Standard_and_standart_mass_deviation,0,0,0,1,0,0,0,0,0,0,1,0
Standard_deviation,0,0,0,1,0,0,0,0,0,0,1,0
Start1,0,0,0,1,0,1,0,0,0,0,0,0
Start3,0,0,0,0,0,0,0,0,0,0,0,0
Start7,0,0,0,0,0,0,0,0,0,0,1,6
Start_0,0,0,0,1,0,1,0,0,0,0,0,0
Start_8,0,0,0,1,0,1,0,0,0,0,0,0
Start_ChangeModel,0,0,0,1,0,0,0,0,0,0,1,0
Start_Hundai,0,0,0,1,0,0,0,0,0,0,1,0
Start_M2,0,0,0,0,0,0,0,0,0,0,0,0
Start_M2_H,0,0,0,0,0,0,0,0,0,0,0,0
Start_M4,0,0,0,0,0,0,0,0,0,0,0,0
Start_S,0,0,0,0,0,0,0,0,0,0,0,0
Start_S_H,0,0,0,0,0,0,0,0,0,0,0,0
Start_Toyota,0,0,0,1,0,0,0,0,0,0,1,0
STension_Drop2D_1phase_45deg_small,0,0,0,0,0,0,0,0,0,0,0,0
STension_Drop2D_1phase_free_small,0,0,0,1,0,0,0,1,0,0,0,0
STension_Drop2D_2phases_free_small,0,0,0,0,0,0,0,0,0,0,0,0
Stokes_middle_visc_0_motion_NO_skew_2D,0,0,0,0,0,0,0,0,0,0,0,0
stop_condition,0,0,0,1,0,1,0,0,0,0,0,0
st_2DLimitersforerror,0,0,0,1,0,0,0,0,0,0,1,0
suho,0,0,0,1,0,0,0,0,0,0,1,0
suhovassert_wo_phase,0,0,0,1,0,0,0,0,0,0,0,0
SupportKB_frozenRotorOBL_error,0,0,0,0,0,0,0,0,2,0,0,0
Support_0_asperity_slip_ReD_150_norm_scale_visc,0,0,0,0,0,0,0,0,0,0,0,0
surface_streamline_layer,0,0,0,1,0,0,0,0,0,0,0,0
SV2Dver1,0,0,0,1,0,0,0,0,0,0,0,0
Symm_subson_totalpress,0,0,0,1,0,0,0,0,0,0,3,2
S_Temp,0,0,0,1,0,0,0,0,0,0,0,0
S_Temp_MB,0,0,0,1,0,0,0,0,0,0,0,0
T3A_KEFV_1_OBL,0,0,0,0,0,0,0,0,0,0,0,0
TableForBC_FixVel_CheckInterpol,0,0,0,1,0,0,0,0,0,0,1,0
table_adaptation_level,0,0,0,1,0,0,0,0,0,0,0,0
Tank_AxialRotaion_RegionRot_w10,4,8,5,3,2,3,4,3,2,4,1,5
Tank_AxialRotaion_w10,0,0,0,1,0,0,0,1,0,0,0,0
tank_test_mesh,0,0,0,1,0,0,0,0,0,0,1,0
TC-Casing-1,0,0,0,1,0,0,0,0,0,0,0,0
Tconj_plot_on_curve_2phase,0,0,0,1,0,0,0,0,0,0,0,0
TConj_Solid_Fluid,0,0,0,1,0,0,0,0,0,0,0,0
TConj_Solid_Fluid_1phase,0,0,0,1,0,0,0,0,0,0,0,0
TConj_Solid_Fluid_2phases,0,0,0,1,0,0,0,0,0,0,0,0
TConj_Solid_Fluid_Wall_heat_transffer_coef,0,0,0,1,0,0,1,0,2,0,0,0
Termik_1D_test_dispers,0,0,0,1,0,0,1,0,0,0,1,0
test-LMS_teflu_forced-jet,0,0,2,1,0,0,0,0,0,0,0,0
test-W1-02,0,0,0,1,0,0,0,0,0,0,0,0
Test30904,0,0,0,1,0,0,0,0,0,0,0,0
testing_g5_load,0,0,0,0,0,0,0,0,0,0,0,0
test_01,0,0,0,1,0,0,0,0,0,0,1,0
test_2_02082013,0,0,0,1,0,0,0,0,0,0,1,0
test_cfx,0,0,0,1,0,0,0,0,0,0,1,0
test_char-bc,0,0,0,1,0,0,0,0,0,0,2,0
test_conj_VOf,0,0,0,1,0,0,0,0,0,0,0,0
TEST_CRYST_0_15min_Disp_Cryst_Plate_No_Evap_No_VOF_CFL_2D,0,0,0,1,0,1,0,0,0,0,1,0
TEST_CRYST_1_15min_Disp_Cryst_Plate_No_Evap_VOF_CFL_05_2D,0,0,0,1,0,0,0,0,0,0,1,0
TEST_CRYST_2_Night_Disp_Cryst_Dry_Cyl_Betta_Calc_KE_YP_1160_2D,0,0,0,1,0,0,2,0,2,0,1,0
TEST_CRYST_3_Night_Disp_Cryst_Dry_Cyl_KE_YP_1160_2D,0,0,1,2,0,0,1,0,0,0,1,1
TEST_CRYST_4_Night_Disp_Cryst_Wet_Cyl_KE_STEV_YP_1045_2D,0,0,0,0,0,0,1,0,0,0,1,3
TEST_CRYST_5_WeekEnd_Disp_Cryst_Wet_NACA0012_RUN404_Betta_Calc_KE_YP_675_2D,0,0,0,0,0,0,0,0,0,0,1,1
TEST_CRYST_6_Night_Disp_Cryst_Dry_NACA0012_RUN425_KE_YP_740_2D,2,0,0,3,1,1,2,1,0,0,1,0
TEST_CRYST_7_Night_Disp_Cryst_Wet_NACA0012_RUN_308_KE_YP_655_2D,0,2,0,1,0,0,2,1,1,0,3,0
TEST_CRYST_8_WeekEnd_Disp_Cryst_Wet_NACA0012_RUN308_KE_CONDADAPT_YP_360_2D,0,0,0,5,2,3,0,0,0,0,1,0
TEST_CRYST_9_WeekEnd_Disp_Cryst_Wet_Sphere_KE_CONDADAPT_YP_660_2D,0,0,0,0,0,0,0,0,0,0,1,0
Test_Cub_Rot,0,0,0,1,0,0,0,0,0,0,0,0
Test_Cub_Rot_Sp,0,0,0,0,0,0,0,0,0,0,0,0
Test_defined_on_wave,0,0,0,1,0,0,0,0,0,0,0,0
Test_Dissociation_O2,0,0,0,1,0,0,0,0,0,0,0,0
Test_Dissotiation_O2_Chemistry,0,0,0,1,0,0,0,0,0,0,0,0
Test_Dissotiation_O2_Chemistry_Elements,0,0,0,1,0,0,0,0,0,0,0,0
Test_Dissotiation_O2_Chemistry_Elements_Liquid,0,0,0,1,0,0,0,0,0,0,0,0
Test_Dissotiation_O2_Chemistry_matrix_solver,0,0,0,1,0,0,0,0,0,0,0,0
Test_dvigatel,0,0,0,1,0,0,0,0,0,0,1,0
test_err_grid,0,0,0,1,0,0,0,0,0,0,0,0
TEST_FILM_0_15min_Cyl_Disp_Fall_Film_Motion_Calc_KE_YP_875_2D,0,0,0,1,0,0,1,0,0,0,1,0
TEST_FILM_1_Night_45_plate_G_Film_Motion_2D,0,0,0,1,0,0,0,0,0,0,0,0
TEST_FILM_2_Night_SrfTns_Rivulets_005kgms_5deg,7,5,7,6,2,5,12,17,8,5,5,7
TEST_FILM_3_Night_RotaryCylWall_1_CAndK_Forces_IdealAir_NoG,0,0,0,1,0,0,0,0,0,0,1,0
TEST_FILM_4_Night_RotaryCylWall_2_CAndK_Forces_RealAir_G,1,0,0,1,0,0,1,0,0,0,1,0
TEST_FILM_5_Night_RotaryCylFace_CAndK_Forces_IdealAir_NoG,0,0,0,1,0,0,0,0,0,0,1,0
test_fluct_Mz,0,0,0,2,0,0,0,0,0,0,1,0
test_loadings7,0,0,0,1,0,0,0,0,0,0,1,0
test_loadings_Ansys,0,0,0,1,0,0,0,0,0,0,1,0
test_loadings_Ansys_triangles,0,0,0,1,0,0,0,0,0,0,1,0
test_loadings_geom_from_interface2,0,0,0,1,0,0,0,0,0,0,1,0
test_loadings_heat_flux,0,0,0,1,0,0,0,0,0,0,1,0
test_loadings_inp,0,0,0,1,0,0,0,0,0,0,1,0
test_loadings_inp_triangles,0,0,0,1,0,0,0,0,0,0,1,0
test_loadings_mesh_and_vtk,0,0,0,1,0,0,0,0,0,0,1,0
test_loadings_mesh_and_vtk_triangles,0,0,0,1,0,0,0,0,0,0,1,0
test_loadings_nastran,0,0,0,1,0,0,0,0,0,0,1,0
test_loadings_nastran_triangles,0,0,0,1,0,0,0,0,0,0,1,0
test_loadings_ngeom,0,0,0,1,0,0,0,0,0,0,1,0
test_loadings_no_heat_transfer,0,0,0,1,0,0,0,0,0,0,1,0
test_loadings_no_movement,0,0,0,1,0,0,0,0,0,0,0,0
test_loadings_n_geom_triangles,0,0,0,1,0,0,0,0,0,0,1,0
test_loadings_save_by_iter,0,0,0,1,0,0,0,0,0,0,1,0
test_loadings_save_by_time,0,0,0,1,0,0,0,0,0,0,1,0
test_loadings_Star_CD,0,0,0,1,0,0,0,0,0,0,1,0
test_loadings_Star_CD_triangles,0,0,0,1,0,0,0,0,0,0,1,0
test_loadings_tetra_triangles,0,0,0,1,0,0,0,0,0,0,1,0
test_loadings_vrml_stl,0,0,0,1,0,0,0,0,0,0,1,0
test_loadings_vrml_stl_triangles,0,0,0,1,0,0,0,0,0,0,1,0
TEST_MULTI_DISP_0_15min_Drop_Mass_Energ_Bal_IMPL_2_EQ_GR_1D,0,0,0,1,0,0,1,0,0,3,6,0
TEST_MULTI_DISP_1_Night_Drop_Mass_Energ_Bal_IMPL_5_EQ_GR_1D,0,0,0,1,0,0,1,0,0,4,5,1
TEST_MULTI_DISP_2_WeekEnd_Drop_Mass_Energ_Bal_IMPL_3_DIFF_GR,0,0,0,1,0,0,1,0,0,4,21,22
TEST_MULTI_DISP_3_Night_Cyl_Betta_Calc_KE_YP_1160_2_EQ_GR_2D,0,0,0,1,0,0,1,0,0,0,1,0
TEST_MULTI_DISP_4_WeekEnd_Cyl_Betta_Calc_KE_YP_1160_5_DIFF_GR_2D,0,0,0,0,0,0,0,0,0,0,1,0
test_nonrefl_309,0,0,0,1,0,0,0,0,0,0,1,0
test_OKBM,0,0,0,0,0,0,0,0,0,0,0,0
Test_RadDecay_Isotope,0,0,0,1,0,0,0,0,0,0,0,0
test_tube,0,0,0,1,0,0,0,0,0,0,0,0
Test_turb_viscosity_2D,0,0,0,0,1,0,0,0,0,0,1,0
TEST_VOF_1_DISP_PENETR_15min_m_dot_disp_sand_1000,0,0,0,0,0,0,0,0,0,0,0,0
TEST_VOF_2_SRCDISP_15min_m_dot_disp_water_drops_1000,0,0,0,0,0,0,0,0,0,0,0,0
TEST_VOF_3_SRCUSER_CC_15min_m_dot_user_1000,0,0,0,0,0,0,0,0,0,0,0,0
TEST_VOF_4_SRCUSER_CV_nigth_m_dot_user_1000,0,0,0,1,0,0,0,0,0,0,0,0
TetraPak_shell,0,0,0,1,0,0,0,0,0,0,0,0
TireTemplate_debug_continue,0,0,0,0,0,0,0,0,0,0,0,0
Tire_2_5_mm_bad_cell,0,0,0,0,0,0,0,0,0,0,0,0
TotalPres_and_velocity_vectors,0,0,0,1,0,0,0,0,0,0,0,0
TotalPres_box,0,0,0,1,0,0,0,0,0,0,0,0
TotalPres_dir_box,0,0,0,1,0,0,0,0,0,0,0,0
TotalPres_dir_box_outlet,0,0,0,1,0,0,3,0,0,0,0,0
TotalPres_dir_pipe_swirl,0,0,0,2,1,0,6,1,0,1,0,0
Total_Pres_dir_pipe_swirl_right_direction,0,0,0,1,0,0,4,0,0,1,0,2
Toyota30904_0to100,2,2,1,0,4,0,0,5,1,4,3,0
Toyota30904_TS695,0,0,0,0,0,0,0,0,0,0,1,0
Toyota363TS,0,0,0,0,0,0,0,0,0,0,1,0
ToyotaLayerError15TS,0,0,0,1,0,0,0,0,0,0,1,0
Toyota_Simple_480_fall,0,1,0,0,1,0,0,3,1,1,1,0
Toyota_test_mesh,0,4,0,1,0,0,0,0,0,0,0,0
Transition_T3A_SST_noWF,0,0,0,1,0,0,0,0,0,0,0,0
Ttest_loadings_tetra,0,0,0,1,0,0,0,0,0,0,1,0
TT_fall,0,0,0,0,0,0,0,0,0,0,0,0
TT_FV_2Phases_new_Rot,0,0,0,1,0,0,1,1,0,1,2,0
TubeLam_test_OBL,0,0,0,1,0,0,0,0,0,0,0,0
TubeLam_test_OBL_fall,0,0,0,0,0,0,0,0,0,0,0,0
tube_closed_stationar_method,0,0,0,1,0,0,0,0,0,0,1,0
tube_diffusion_heattransfer,0,0,0,1,0,0,0,0,0,0,1,0
tube_drop_var1_correct,0,0,0,1,0,0,1,1,0,0,1,0
Tube_explicit,0,0,0,1,4,0,1,1,2,0,3,0
Tube_implicit,0,0,0,1,2,0,1,2,1,1,2,0
Tube_Lam,0,0,0,1,0,0,0,0,0,0,0,0
tube_mass-vel_30905_100,0,0,0,1,0,0,0,0,0,0,1,0
tube_mass_flow,0,0,0,0,0,0,0,0,0,0,0,0
tube_mass_flow_disp,0,0,0,0,0,0,0,0,0,0,0,0
tube_mass_flow_mb,0,0,0,0,0,0,0,0,0,0,0,0
tube_mass_flow_outlet,0,0,0,0,0,0,0,0,0,0,0,0
Tube_NaturConvect,0,0,0,1,0,0,0,0,0,0,1,0
tube_surf-dispers,0,0,0,1,1,1,0,0,0,0,1,0
Tube_turb,0,0,0,1,1,1,0,0,0,0,0,0
Tube_Turb_HF_KTET_KES_AKN,0,0,0,1,0,0,0,0,0,0,0,0
Tube_Turb_HF_KTET_KES_LMS,0,0,0,1,0,0,0,0,0,0,0,0
Tube_Turb_HF_KTET_KES_SS,0,0,0,1,0,0,0,0,0,0,0,0
Tube_turb_k-e,0,0,0,1,0,0,0,0,0,0,0,0
Tube_Turb_k-e_45_smooth,0,0,0,1,0,0,0,0,0,0,0,0
Tube_turb_k-e_extended,0,0,0,0,0,0,0,0,0,0,0,0
Tube_turb_KEAKN_FR2_2,0,0,0,1,0,0,1,0,0,0,0,1
Tube_turb_KEAKN_SS2_2,0,0,0,1,0,0,1,0,0,0,0,1
Tube_Turb_KEL_S,0,0,0,1,0,0,0,0,0,0,0,0
Tube_turb_KEQ_FR2_2,1,0,0,2,0,0,1,0,0,0,0,1
Tube_Turb_KEQ_S,0,0,0,1,0,0,0,0,0,0,0,0
Tube_turb_KEQ_SS2_2,1,0,0,1,0,0,1,0,0,0,0,1
Tube_turb_KES_FR2_2,0,0,0,1,0,0,1,0,0,0,0,1
Tube_Turb_KES_S,0,0,0,1,0,0,0,0,0,0,0,0
Tube_Turb_KES_SS2,0,0,0,1,0,0,0,0,0,0,0,0
Tube_turb_KES_SS2_2,0,0,0,1,0,0,1,0,0,0,0,1
Tube_Turb_KES_S_roughness,0,0,0,1,0,0,0,0,0,0,0,0
Tube_Turb_KES_S_roughness_FVWF,0,0,0,1,7,0,0,0,0,0,0,0
Tube_Turb_KES_S_roughness_FVWF_f(X),0,0,0,1,7,0,0,0,0,0,0,0
Tube_Turb_KES_S_roughness_FVWF_table,0,0,0,1,7,0,0,0,0,0,0,0
Tube_Turb_LowRe,0,0,0,1,0,0,0,0,0,0,0,0
Tube_Turb_SA,0,0,0,1,0,0,0,0,0,0,0,0
Tube_Turb_SA_extended,0,0,0,0,0,0,0,0,0,0,0,0
Tube_turb_SA_FR2_2,0,0,1,1,0,0,1,0,0,0,0,1
Tube_Turb_SA_S,0,0,0,1,0,0,0,0,0,0,0,0
Tube_turb_SA_SS2_2,0,0,0,1,0,0,1,0,0,0,0,1
Tube_turb_SA_SS2_2_multi_substance,0,0,0,2,0,0,1,0,0,0,0,1
Tube_Turb_SST,0,0,0,1,0,0,0,0,0,0,0,0
Tube_Turb_SST_extended,0,0,0,0,0,0,0,0,0,0,0,0
Tube_turb_SST_FR2_2,0,0,0,1,0,0,1,0,0,0,0,1
Tube_Turb_SST_S,0,0,0,1,0,0,0,0,0,0,0,0
Tube_turb_SST_SS2_2,0,0,1,1,0,0,1,0,0,0,0,1
Tube_Turb_SST_S_roughness,0,0,0,1,0,0,0,0,0,0,0,0
Tube_VarMassFlow,0,0,0,1,0,0,0,0,0,0,0,0
tube_veryviscouse_2phase,0,0,0,1,0,0,0,0,0,0,0,0
Turbe_tube_KEAKN_NOWF_S,0,0,0,1,11,3,0,0,0,0,0,0
Turb_kes_turn_on,0,0,0,0,0,0,0,0,0,0,0,0
Turb_Plate_He,0,0,0,1,0,0,0,0,0,0,1,0
Turb_Tube_He,0,0,0,1,0,0,0,0,0,0,1,0
Tutorial35-VOF,0,0,0,0,0,0,0,0,0,0,0,0
Twin_Fans_Heatsink_Problem_with_streamline,0,0,0,1,0,0,0,0,0,0,0,0
TwoFluids,0,0,0,1,0,0,0,1,0,0,0,0
TwoFluids_turb_lim,0,0,0,1,0,0,0,0,0,0,0,0
TwoFluids_VOF,0,0,0,1,0,0,0,0,0,0,0,0
Two_Valve_Channels,0,0,0,1,0,2,1,0,2,0,7,1
UserBinder_Error,0,0,0,0,0,0,0,0,0,0,0,0
U_tube_blood_thromb,0,0,0,0,0,0,0,0,0,0,0,0
valve_ball_up_grid,0,0,0,1,0,0,0,0,0,0,0,0
Valve_Channel,0,0,0,1,0,3,1,0,2,0,5,2
Valve_Channel_CSE,0,0,1,1,0,2,1,0,2,0,8,0
Valve_Channel_DC,0,0,0,6,0,2,1,0,2,0,7,1
Valve_Channel_healing,12,0,0,1,0,0,0,0,0,0,0,0
Valve_Channel_loadings_mapping_P,0,0,0,0,0,0,0,0,0,6,9,7
Valve_Channel_mapping,5,0,0,1,0,0,0,0,0,0,0,0
Valve_Channel_standard,4,0,0,1,0,0,0,0,0,0,0,0
vectors_on_supergroup_NASA_stage37,0,0,0,1,0,0,0,0,0,0,1,1
Vell_off_all_processes,0,0,0,1,0,0,0,0,0,0,0,0
Velocity_of_Particles_near_wall,0,0,0,1,0,0,0,0,0,0,0,0
Vel_off,0,0,0,1,0,0,0,0,0,0,1,0
Vel_off_on_continue,0,0,0,0,0,0,0,0,0,0,1,0
Vel_off_pressure_gradient,0,0,0,1,0,0,0,0,0,0,1,0
Vel_of_Sound_func,0,0,0,0,0,0,0,0,0,0,0,0
Vel_of_Sound_table,0,0,0,0,0,0,0,0,0,0,0,0
Vent_sect_5cfl,0,0,0,1,0,0,1,0,0,0,0,0
VerticalJet,0,0,1,1,0,0,0,1,0,0,0,0
Vis_dependent_variables,0,0,0,1,0,0,0,0,0,0,3,0
VoF1Phase_Heat,0,0,0,7,0,0,0,0,0,0,0,0
VoF1Phase_Heat2,0,0,0,1,0,0,0,0,0,0,0,0
VOFandParticles_mass_transition,0,0,0,0,0,0,0,0,0,0,1,0
VOF_2model_fail,0,0,0,1,0,0,0,0,0,0,0,0
vof_char,0,0,0,1,0,0,1,0,0,0,1,0
VOF_disp_error,0,0,0,1,0,0,1,1,0,0,2,4
VoF_gases,0,0,0,1,0,0,0,0,0,0,1,0
VoF_near_moving_wall,0,0,0,2,0,0,0,0,0,0,0,0
Vof_near_moving_wall_1Phase30,0,0,0,1,0,0,0,0,0,0,0,0
VoF_near_moving_wall_2Phase,0,0,0,1,0,0,0,0,0,0,1,0
VoF_near_moving_wall_2Phase30,0,0,0,1,0,0,0,0,0,0,1,0
vof_razval,0,0,0,0,0,0,1,0,0,2,3,4
volume_force_convection,0,0,0,0,0,0,0,0,0,0,0,0
W-criterion1,0,0,0,1,0,0,0,0,0,0,0,0
W-criterion2,0,0,0,1,0,0,0,0,0,0,0,0
W-criterion3,0,0,0,1,0,0,0,0,0,0,0,0
W-criterion4,0,0,0,1,0,0,0,0,0,0,0,0
wall_conj_CubeHeat_turb_half_log_duffusion,0,0,0,1,0,0,0,1,0,0,1,0
wall_slip_with_temperature,0,0,0,1,0,0,0,0,0,0,0,0
water-vacuum,0,0,0,1,0,0,0,0,0,0,0,0
WaterBox_g,0,0,0,1,0,0,0,1,0,0,0,0
WaterBox_V,0,0,0,1,0,0,0,1,0,0,0,0
WaterBox_V_45,0,0,0,1,0,0,0,1,0,0,0,0
WaterBox_V_45_45,0,0,0,1,0,0,0,1,0,0,0,0
WaterBox_V_45_skew,0,0,0,1,0,0,0,1,0,0,0,0
WaterBubble_g,0,0,0,0,0,0,0,0,0,0,0,0
WaterBubble_InVacuum,0,0,0,1,0,0,1,1,0,1,0,0
WaterBubble_InVacuum_WaterLevel,0,0,0,1,0,0,0,1,1,1,0,0
WaterBubble_V,0,0,0,0,0,0,0,0,0,0,0,0
WaterPool,0,0,0,0,0,0,0,0,0,0,0,0
water_air_max_velocity,0,1,0,0,0,0,1,1,0,0,0,0
Water_heat_F_carcass_SZ,0,0,0,1,0,0,0,0,0,0,0,0
Wave,0,0,0,1,0,0,0,1,0,0,0,0
WaveGenerator_direct_wave_with_an_object,0,0,0,4,6,4,4,5,6,4,3,5
Wave_1Phase,0,0,0,1,0,0,0,1,0,0,0,0
Wave_1Phase_3D,0,0,0,1,0,0,0,1,0,0,0,0
Wave_1Phase_Heat,0,0,0,1,0,0,0,0,0,0,0,0
Wave_1Phase_mass_transfer,0,0,0,1,0,0,0,1,0,0,0,0
Wave_1Phase_NN_BC,0,0,0,1,0,0,0,1,0,0,0,0
Wave_1Phase_NN_BC_Heat_turb_OBL,0,0,0,1,0,0,0,1,0,0,0,0
Wave_1Phase_NN_HB,0,0,0,1,0,0,0,1,0,0,0,0
Wave_1Phase_NN_PL,0,0,0,1,0,0,0,1,0,0,0,0
Wave_1Phase_OBL,0,0,0,1,0,0,0,0,0,0,0,0
Wave_1Phase_Turb,0,0,0,1,0,0,0,1,0,0,0,0
Wave_1Phase_Turb_ExpL,0,0,0,1,0,0,0,1,0,0,0,0
Wave_1Phase_Turb_KEAKN,0,0,0,1,0,0,0,1,0,0,0,0
Wave_1Phase_Turb_KEFV,0,0,0,1,0,0,0,1,0,0,0,0
Wave_1Phase_Turb_KEQ,0,0,0,1,0,0,0,1,0,0,0,0
Wave_1Phase_Turb_OBL,0,0,0,0,0,0,0,0,0,0,0,0
Wave_1Phase_Turb_SA,0,0,0,1,0,0,0,1,0,0,0,0
Wave_1Phase_Turb_Sm,0,0,0,1,0,0,0,1,0,0,0,0
Wave_1Phase_Turb_SST,0,0,0,1,0,0,0,1,0,0,0,0
Wave_1Phase_Vizu_VoF,0,0,0,1,0,0,0,0,0,0,0,0
Wave_2Phases,0,0,0,1,0,0,0,0,0,0,0,0
Wave_2Phases_3D,0,0,0,0,0,0,0,0,0,0,0,0
Wave_2Phases_Heat,0,0,0,1,0,0,0,0,0,0,1,0
Wave_2Phases_Heat_Turb_KES_prop_variation,0,0,0,1,0,0,0,0,0,0,1,0
Wave_2Phases_mass_transfer,0,0,0,1,0,0,0,0,0,0,0,0
Wave_2Phases_NN_BC,0,0,0,1,0,0,0,0,0,0,0,0
Wave_2Phases_NN_HB,0,0,0,1,0,0,0,0,0,0,0,0
Wave_2Phases_NN_PL,0,0,0,1,0,0,0,0,0,0,0,0
Wave_2Phases_OBL,0,0,0,1,0,0,0,0,0,0,1,0
Wave_2Phases_Turb,0,0,0,1,0,0,0,0,0,0,0,0
Wave_2Phases_Turb_Expl,0,0,0,1,0,0,0,0,0,0,0,0
Wave_2Phases_Turb_KEAKN,0,0,0,1,0,0,0,0,0,0,0,0
Wave_2Phases_Turb_KEFV,0,0,0,1,0,0,0,0,0,0,0,0
Wave_2Phases_Turb_KEQ,0,0,0,1,0,0,0,1,0,0,0,0
Wave_2Phases_Turb_OBL,0,0,0,0,0,0,0,0,0,0,0,0
Wave_2Phases_Turb_SA,0,0,0,1,0,0,0,0,0,0,0,0
Wave_2Phases_Turb_Sm,0,0,0,1,0,0,0,0,0,0,0,0
Wave_2Phases_Turb_SST,0,0,0,1,0,0,0,1,0,0,0,0
Wave_2Phases_Vizu_VoF,0,0,0,1,0,0,0,0,0,0,0,0
Wave_datchiki,0,0,0,0,0,0,0,0,0,0,0,0
Wave_limiter_vel,0,0,0,1,0,0,0,0,0,0,0,0
Wave_shear_stress,0,0,0,1,0,0,0,0,0,0,0,0
Wave_without_energy_equation,0,0,0,0,0,0,0,0,0,0,0,0
Wedge,0,0,0,1,0,1,0,0,0,0,1,0
Wedge_Mach_direct,0,0,0,1,0,0,0,0,0,0,1,0
Wedge_supersonic_inlet,0,0,0,1,0,0,0,0,0,0,1,0
Wedge_SupSon_Mach,0,0,0,1,0,0,0,0,0,0,1,0
Wedge_SupSon_StaticPressure,0,0,0,1,0,0,0,0,0,0,1,0
Wedge_SupSon_Velocity,0,0,0,1,0,0,0,0,0,0,1,0
Wedge_SupSon_VelVector,0,0,0,1,0,0,0,0,0,0,1,0
Weir,0,0,0,1,0,0,0,1,0,0,0,0
Weir_electrodynamic,0,0,0,1,0,0,0,0,0,0,0,0
Weir_load,0,0,0,0,0,0,0,0,0,0,0,0
Weir_OBL_2,0,0,0,1,0,0,1,1,1,3,0,0
Wing_Geom_Mapping,0,2,1,1,1,3,2,0,5,3,5,1
with_and_without_flexibility_compare,0,0,0,1,0,0,0,0,0,0,0,0
With_Flex_Mob,0,0,0,0,0,0,0,0,0,2,1,0
Yaga_Grid,0,0,0,1,0,0,0,0,0,0,1,0
Yaga_Grid_skew,0,0,0,1,0,0,0,0,0,0,1,0
Yahta8_no-turb,0,0,0,1,0,0,0,0,0,0,0,0
yaht_adapt,0,4,0,1,0,0,0,0,0,0,1,0
Zeldonich_CH4_0_05,0,0,0,0,0,0,0,0,0,0,0,0
Zeldonich_H2,0,0,0,0,0,0,0,0,0,0,0,0
Zeldovich_CH4_without_temp,0,0,0,0,0,0,0,0,0,0,0,0
zero_dens_after_adapt_dehn,0,0,0,1,0,0,0,0,0,0,1,0
_test_supergroup_export,0,0,0,1,0,0,0,0,0,0,0,0
